"","original.name","new.name","plot","season.year","season","year","Time"
"1","X101.ITS_2020.09","101_Fall_2020","101","Fall_2020","Fall","2020","Fall 2020"
"2","X102.ITS_2020.09","102_Fall_2020","102","Fall_2020","Fall","2020","Fall 2020"
"3","X103.ITS_2020.09","103_Fall_2020","103","Fall_2020","Fall","2020","Fall 2020"
"4","X104.ITS_2020.09","104_Fall_2020","104","Fall_2020","Fall","2020","Fall 2020"
"5","X105.ITS_2020.09","105_Fall_2020","105","Fall_2020","Fall","2020","Fall 2020"
"6","X106.ITS_2020.09","106_Fall_2020","106","Fall_2020","Fall","2020","Fall 2020"
"7","X107.ITS_2020.09","107_Fall_2020","107","Fall_2020","Fall","2020","Fall 2020"
"8","X108.ITS_2020.09","108_Fall_2020","108","Fall_2020","Fall","2020","Fall 2020"
"9","X109.ITS_2020.09","109_Fall_2020","109","Fall_2020","Fall","2020","Fall 2020"
"10","X110.ITS_2020.09","110_Fall_2020","110","Fall_2020","Fall","2020","Fall 2020"
"11","X111.ITS_2020.09","111_Fall_2020","111","Fall_2020","Fall","2020","Fall 2020"
"12","X112.ITS_2020.09","112_Fall_2020","112","Fall_2020","Fall","2020","Fall 2020"
"13","X113.ITS_2020.09","113_Fall_2020","113","Fall_2020","Fall","2020","Fall 2020"
"14","X114.ITS_2020.09","114_Fall_2020","114","Fall_2020","Fall","2020","Fall 2020"
"15","X115.ITS_2020.09","115_Fall_2020","115","Fall_2020","Fall","2020","Fall 2020"
"16","X116.ITS_2020.09","116_Fall_2020","116","Fall_2020","Fall","2020","Fall 2020"
"17","X117.ITS_2020.09","117_Fall_2020","117","Fall_2020","Fall","2020","Fall 2020"
"18","X118.ITS_2020.09","118_Fall_2020","118","Fall_2020","Fall","2020","Fall 2020"
"19","X119.ITS_2020.09","119_Fall_2020","119","Fall_2020","Fall","2020","Fall 2020"
"20","X120.ITS_2020.09","120_Fall_2020","120","Fall_2020","Fall","2020","Fall 2020"
"21","X201.ITS_2020.09","201_Fall_2020","201","Fall_2020","Fall","2020","Fall 2020"
"22","X202.ITS_2020.09","202_Fall_2020","202","Fall_2020","Fall","2020","Fall 2020"
"23","X203.ITS_2020.09","203_Fall_2020","203","Fall_2020","Fall","2020","Fall 2020"
"24","X204.ITS_2020.09","204_Fall_2020","204","Fall_2020","Fall","2020","Fall 2020"
"25","X205.ITS_2020.09","205_Fall_2020","205","Fall_2020","Fall","2020","Fall 2020"
"26","X206.ITS_2020.09","206_Fall_2020","206","Fall_2020","Fall","2020","Fall 2020"
"27","X207.ITS_2020.09","207_Fall_2020","207","Fall_2020","Fall","2020","Fall 2020"
"28","X208.ITS_2020.09","208_Fall_2020","208","Fall_2020","Fall","2020","Fall 2020"
"29","X209.ITS_2020.09","209_Fall_2020","209","Fall_2020","Fall","2020","Fall 2020"
"30","X210.ITS_2020.09","210_Fall_2020","210","Fall_2020","Fall","2020","Fall 2020"
"31","X211.ITS_2020.09","211_Fall_2020","211","Fall_2020","Fall","2020","Fall 2020"
"32","X212.ITS_2020.09","212_Fall_2020","212","Fall_2020","Fall","2020","Fall 2020"
"33","X213.ITS_2020.09","213_Fall_2020","213","Fall_2020","Fall","2020","Fall 2020"
"34","X214.ITS_2020.09","214_Fall_2020","214","Fall_2020","Fall","2020","Fall 2020"
"35","X215.ITS_2020.09","215_Fall_2020","215","Fall_2020","Fall","2020","Fall 2020"
"36","X216.ITS_2020.09","216_Fall_2020","216","Fall_2020","Fall","2020","Fall 2020"
"37","X217.ITS_2020.09","217_Fall_2020","217","Fall_2020","Fall","2020","Fall 2020"
"38","X218.ITS_2020.09","218_Fall_2020","218","Fall_2020","Fall","2020","Fall 2020"
"39","X219.ITS_2020.09","219_Fall_2020","219","Fall_2020","Fall","2020","Fall 2020"
"40","X220.ITS_2020.09","220_Fall_2020","220","Fall_2020","Fall","2020","Fall 2020"
"41","X301.ITS_2020.09","301_Fall_2020","301","Fall_2020","Fall","2020","Fall 2020"
"42","X302.ITS_2020.09","302_Fall_2020","302","Fall_2020","Fall","2020","Fall 2020"
"43","X303.ITS_2020.09","303_Fall_2020","303","Fall_2020","Fall","2020","Fall 2020"
"44","X304.ITS_2020.09","304_Fall_2020","304","Fall_2020","Fall","2020","Fall 2020"
"45","X305.ITS_2020.09","305_Fall_2020","305","Fall_2020","Fall","2020","Fall 2020"
"46","X306.ITS_2020.09","306_Fall_2020","306","Fall_2020","Fall","2020","Fall 2020"
"47","X307.ITS_2020.09","307_Fall_2020","307","Fall_2020","Fall","2020","Fall 2020"
"48","X308.ITS_2020.09","308_Fall_2020","308","Fall_2020","Fall","2020","Fall 2020"
"49","X309.ITS_2020.09","309_Fall_2020","309","Fall_2020","Fall","2020","Fall 2020"
"50","X310.ITS_2020.09","310_Fall_2020","310","Fall_2020","Fall","2020","Fall 2020"
"51","X311.ITS_2020.09","311_Fall_2020","311","Fall_2020","Fall","2020","Fall 2020"
"52","X312.ITS_2020.09","312_Fall_2020","312","Fall_2020","Fall","2020","Fall 2020"
"53","X313.ITS_2020.09","313_Fall_2020","313","Fall_2020","Fall","2020","Fall 2020"
"54","X314.ITS_2020.09","314_Fall_2020","314","Fall_2020","Fall","2020","Fall 2020"
"55","X315.ITS_2020.09","315_Fall_2020","315","Fall_2020","Fall","2020","Fall 2020"
"56","X316.ITS_2020.09","316_Fall_2020","316","Fall_2020","Fall","2020","Fall 2020"
"57","X317.ITS_2020.09","317_Fall_2020","317","Fall_2020","Fall","2020","Fall 2020"
"58","X318.ITS_2020.09","318_Fall_2020","318","Fall_2020","Fall","2020","Fall 2020"
"59","X319.ITS_2020.09","319_Fall_2020","319","Fall_2020","Fall","2020","Fall 2020"
"60","X320.ITS_2020.09","320_Fall_2020","320","Fall_2020","Fall","2020","Fall 2020"
"61","X401.ITS_2020.09","401_Fall_2020","401","Fall_2020","Fall","2020","Fall 2020"
"62","X402.ITS_2020.09","402_Fall_2020","402","Fall_2020","Fall","2020","Fall 2020"
"63","X403.ITS_2020.09","403_Fall_2020","403","Fall_2020","Fall","2020","Fall 2020"
"64","X404.ITS_2020.09","404_Fall_2020","404","Fall_2020","Fall","2020","Fall 2020"
"65","X405.ITS_2020.09","405_Fall_2020","405","Fall_2020","Fall","2020","Fall 2020"
"66","X406.ITS_2020.09","406_Fall_2020","406","Fall_2020","Fall","2020","Fall 2020"
"67","X407.ITS_2020.09","407_Fall_2020","407","Fall_2020","Fall","2020","Fall 2020"
"68","X408.ITS_2020.09","408_Fall_2020","408","Fall_2020","Fall","2020","Fall 2020"
"69","X409.ITS_2020.09","409_Fall_2020","409","Fall_2020","Fall","2020","Fall 2020"
"70","X410.ITS_2020.09","410_Fall_2020","410","Fall_2020","Fall","2020","Fall 2020"
"71","X411.ITS_2020.09","411_Fall_2020","411","Fall_2020","Fall","2020","Fall 2020"
"72","X412.ITS_2020.09","412_Fall_2020","412","Fall_2020","Fall","2020","Fall 2020"
"73","X413.ITS_2020.09","413_Fall_2020","413","Fall_2020","Fall","2020","Fall 2020"
"74","X414.ITS_2020.09","414_Fall_2020","414","Fall_2020","Fall","2020","Fall 2020"
"75","X415.ITS_2020.09","415_Fall_2020","415","Fall_2020","Fall","2020","Fall 2020"
"76","X416.ITS_2020.09","416_Fall_2020","416","Fall_2020","Fall","2020","Fall 2020"
"77","X417.ITS_2020.09","417_Fall_2020","417","Fall_2020","Fall","2020","Fall 2020"
"78","X418.ITS_2020.09","418_Fall_2020","418","Fall_2020","Fall","2020","Fall 2020"
"79","X419.ITS_2020.09","419_Fall_2020","419","Fall_2020","Fall","2020","Fall 2020"
"80","X420.ITS_2020.09","420_Fall_2020","420","Fall_2020","Fall","2020","Fall 2020"
"81","X101.ITS_2021.04","101_Spring_2021","101","Spring_2021","Spring","2021","Spring 2021"
"82","X102.ITS_2021.04","102_Spring_2021","102","Spring_2021","Spring","2021","Spring 2021"
"83","X103.ITS_2021.04","103_Spring_2021","103","Spring_2021","Spring","2021","Spring 2021"
"84","X104.ITS_2021.04","104_Spring_2021","104","Spring_2021","Spring","2021","Spring 2021"
"85","X105.ITS_2021.04","105_Spring_2021","105","Spring_2021","Spring","2021","Spring 2021"
"86","X106.ITS_2021.04","106_Spring_2021","106","Spring_2021","Spring","2021","Spring 2021"
"87","X107.ITS_2021.04","107_Spring_2021","107","Spring_2021","Spring","2021","Spring 2021"
"88","X108.ITS_2021.04","108_Spring_2021","108","Spring_2021","Spring","2021","Spring 2021"
"89","X109.ITS_2021.04","109_Spring_2021","109","Spring_2021","Spring","2021","Spring 2021"
"90","X110.ITS_2021.04","110_Spring_2021","110","Spring_2021","Spring","2021","Spring 2021"
"91","X111.ITS_2021.04","111_Spring_2021","111","Spring_2021","Spring","2021","Spring 2021"
"92","X112.ITS_2021.04","112_Spring_2021","112","Spring_2021","Spring","2021","Spring 2021"
"93","X113.ITS_2021.04","113_Spring_2021","113","Spring_2021","Spring","2021","Spring 2021"
"94","X114.ITS_2021.04","114_Spring_2021","114","Spring_2021","Spring","2021","Spring 2021"
"95","X115.ITS_2021.04","115_Spring_2021","115","Spring_2021","Spring","2021","Spring 2021"
"96","X116.ITS_2021.04","116_Spring_2021","116","Spring_2021","Spring","2021","Spring 2021"
"97","X117.ITS_2021.04","117_Spring_2021","117","Spring_2021","Spring","2021","Spring 2021"
"98","X118.ITS_2021.04","118_Spring_2021","118","Spring_2021","Spring","2021","Spring 2021"
"99","X119.ITS_2021.04","119_Spring_2021","119","Spring_2021","Spring","2021","Spring 2021"
"100","X120.ITS_2021.04","120_Spring_2021","120","Spring_2021","Spring","2021","Spring 2021"
"101","X201.ITS_2021.04","201_Spring_2021","201","Spring_2021","Spring","2021","Spring 2021"
"102","X202.ITS_2021.04","202_Spring_2021","202","Spring_2021","Spring","2021","Spring 2021"
"103","X203.ITS_2021.04","203_Spring_2021","203","Spring_2021","Spring","2021","Spring 2021"
"104","X204.ITS_2021.04","204_Spring_2021","204","Spring_2021","Spring","2021","Spring 2021"
"105","X205.ITS_2021.04","205_Spring_2021","205","Spring_2021","Spring","2021","Spring 2021"
"106","X206.ITS_2021.04","206_Spring_2021","206","Spring_2021","Spring","2021","Spring 2021"
"107","X207.ITS_2021.04","207_Spring_2021","207","Spring_2021","Spring","2021","Spring 2021"
"108","X208.ITS_2021.04","208_Spring_2021","208","Spring_2021","Spring","2021","Spring 2021"
"109","X209.ITS_2021.04","209_Spring_2021","209","Spring_2021","Spring","2021","Spring 2021"
"110","X210.ITS_2021.04","210_Spring_2021","210","Spring_2021","Spring","2021","Spring 2021"
"111","X211.ITS_2021.04","211_Spring_2021","211","Spring_2021","Spring","2021","Spring 2021"
"112","X212.ITS_2021.04","212_Spring_2021","212","Spring_2021","Spring","2021","Spring 2021"
"113","X213.ITS_2021.04","213_Spring_2021","213","Spring_2021","Spring","2021","Spring 2021"
"114","X214.ITS_2021.04","214_Spring_2021","214","Spring_2021","Spring","2021","Spring 2021"
"115","X215.ITS_2021.04","215_Spring_2021","215","Spring_2021","Spring","2021","Spring 2021"
"116","X216.ITS_2021.04","216_Spring_2021","216","Spring_2021","Spring","2021","Spring 2021"
"117","X217.ITS_2021.04","217_Spring_2021","217","Spring_2021","Spring","2021","Spring 2021"
"118","X218.ITS_2021.04","218_Spring_2021","218","Spring_2021","Spring","2021","Spring 2021"
"119","X219.ITS_2021.04","219_Spring_2021","219","Spring_2021","Spring","2021","Spring 2021"
"120","X220.ITS_2021.04","220_Spring_2021","220","Spring_2021","Spring","2021","Spring 2021"
"121","X301.ITS_2021.04","301_Spring_2021","301","Spring_2021","Spring","2021","Spring 2021"
"122","X302.ITS_2021.04","302_Spring_2021","302","Spring_2021","Spring","2021","Spring 2021"
"123","X303.ITS_2021.04","303_Spring_2021","303","Spring_2021","Spring","2021","Spring 2021"
"124","X304.ITS_2021.04","304_Spring_2021","304","Spring_2021","Spring","2021","Spring 2021"
"125","X305.ITS_2021.04","305_Spring_2021","305","Spring_2021","Spring","2021","Spring 2021"
"126","X306.ITS_2021.04","306_Spring_2021","306","Spring_2021","Spring","2021","Spring 2021"
"127","X307.ITS_2021.04","307_Spring_2021","307","Spring_2021","Spring","2021","Spring 2021"
"128","X308.ITS_2021.04","308_Spring_2021","308","Spring_2021","Spring","2021","Spring 2021"
"129","X309.ITS_2021.04","309_Spring_2021","309","Spring_2021","Spring","2021","Spring 2021"
"130","X310.ITS_2021.04","310_Spring_2021","310","Spring_2021","Spring","2021","Spring 2021"
"131","X311.ITS_2021.04","311_Spring_2021","311","Spring_2021","Spring","2021","Spring 2021"
"132","X312.ITS_2021.04","312_Spring_2021","312","Spring_2021","Spring","2021","Spring 2021"
"133","X313.ITS_2021.04","313_Spring_2021","313","Spring_2021","Spring","2021","Spring 2021"
"134","X314.ITS_2021.04","314_Spring_2021","314","Spring_2021","Spring","2021","Spring 2021"
"135","X315.ITS_2021.04","315_Spring_2021","315","Spring_2021","Spring","2021","Spring 2021"
"136","X316.ITS_2021.04","316_Spring_2021","316","Spring_2021","Spring","2021","Spring 2021"
"137","X317.ITS_2021.04","317_Spring_2021","317","Spring_2021","Spring","2021","Spring 2021"
"138","X318.ITS_2021.04","318_Spring_2021","318","Spring_2021","Spring","2021","Spring 2021"
"139","X319.ITS_2021.04","319_Spring_2021","319","Spring_2021","Spring","2021","Spring 2021"
"140","X320.ITS_2021.04","320_Spring_2021","320","Spring_2021","Spring","2021","Spring 2021"
"141","X401.ITS_2021.04","401_Spring_2021","401","Spring_2021","Spring","2021","Spring 2021"
"142","X402.ITS_2021.04","402_Spring_2021","402","Spring_2021","Spring","2021","Spring 2021"
"143","X403.ITS_2021.04","403_Spring_2021","403","Spring_2021","Spring","2021","Spring 2021"
"144","X404.ITS_2021.04","404_Spring_2021","404","Spring_2021","Spring","2021","Spring 2021"
"145","X405.ITS_2021.04","405_Spring_2021","405","Spring_2021","Spring","2021","Spring 2021"
"146","X406.ITS_2021.04","406_Spring_2021","406","Spring_2021","Spring","2021","Spring 2021"
"147","X407.ITS_2021.04","407_Spring_2021","407","Spring_2021","Spring","2021","Spring 2021"
"148","X408.ITS_2021.04","408_Spring_2021","408","Spring_2021","Spring","2021","Spring 2021"
"149","X409.ITS_2021.04","409_Spring_2021","409","Spring_2021","Spring","2021","Spring 2021"
"150","X410.ITS_2021.04","410_Spring_2021","410","Spring_2021","Spring","2021","Spring 2021"
"151","X411.ITS_2021.04","411_Spring_2021","411","Spring_2021","Spring","2021","Spring 2021"
"152","X412.ITS_2021.04","412_Spring_2021","412","Spring_2021","Spring","2021","Spring 2021"
"153","X413.ITS_2021.04","413_Spring_2021","413","Spring_2021","Spring","2021","Spring 2021"
"154","X414.ITS_2021.04","414_Spring_2021","414","Spring_2021","Spring","2021","Spring 2021"
"155","X415.ITS_2021.04","415_Spring_2021","415","Spring_2021","Spring","2021","Spring 2021"
"156","X416.ITS_2021.04","416_Spring_2021","416","Spring_2021","Spring","2021","Spring 2021"
"157","X417.ITS_2021.04","417_Spring_2021","417","Spring_2021","Spring","2021","Spring 2021"
"158","X418.ITS_2021.04","418_Spring_2021","418","Spring_2021","Spring","2021","Spring 2021"
"159","X419.ITS_2021.04","419_Spring_2021","419","Spring_2021","Spring","2021","Spring 2021"
"160","X420.ITS_2021.04","420_Spring_2021","420","Spring_2021","Spring","2021","Spring 2021"
"161","X101.ITS_2021.07","101_Summer_2021","101","Summer_2021","Summer","2021","Summer 2021"
"162","X102.ITS_2021.07","102_Summer_2021","102","Summer_2021","Summer","2021","Summer 2021"
"163","X103.ITS_2021.07","103_Summer_2021","103","Summer_2021","Summer","2021","Summer 2021"
"164","X104.ITS_2021.07","104_Summer_2021","104","Summer_2021","Summer","2021","Summer 2021"
"165","X105.ITS_2021.07","105_Summer_2021","105","Summer_2021","Summer","2021","Summer 2021"
"166","X106.ITS_2021.07","106_Summer_2021","106","Summer_2021","Summer","2021","Summer 2021"
"167","X107.ITS_2021.07","107_Summer_2021","107","Summer_2021","Summer","2021","Summer 2021"
"168","X108.ITS_2021.07","108_Summer_2021","108","Summer_2021","Summer","2021","Summer 2021"
"169","X109.ITS_2021.07","109_Summer_2021","109","Summer_2021","Summer","2021","Summer 2021"
"170","X110.ITS_2021.07","110_Summer_2021","110","Summer_2021","Summer","2021","Summer 2021"
"171","X111.ITS_2021.07","111_Summer_2021","111","Summer_2021","Summer","2021","Summer 2021"
"172","X112.ITS_2021.07","112_Summer_2021","112","Summer_2021","Summer","2021","Summer 2021"
"173","X113.ITS_2021.07","113_Summer_2021","113","Summer_2021","Summer","2021","Summer 2021"
"174","X114.ITS_2021.07","114_Summer_2021","114","Summer_2021","Summer","2021","Summer 2021"
"175","X115.ITS_2021.07","115_Summer_2021","115","Summer_2021","Summer","2021","Summer 2021"
"176","X116.ITS_2021.07","116_Summer_2021","116","Summer_2021","Summer","2021","Summer 2021"
"177","X117.ITS_2021.07","117_Summer_2021","117","Summer_2021","Summer","2021","Summer 2021"
"178","X118.ITS_2021.07","118_Summer_2021","118","Summer_2021","Summer","2021","Summer 2021"
"179","X119.ITS_2021.07","119_Summer_2021","119","Summer_2021","Summer","2021","Summer 2021"
"180","X120.ITS_2021.07","120_Summer_2021","120","Summer_2021","Summer","2021","Summer 2021"
"181","X201.ITS_2021.07","201_Summer_2021","201","Summer_2021","Summer","2021","Summer 2021"
"182","X202.ITS_2021.07","202_Summer_2021","202","Summer_2021","Summer","2021","Summer 2021"
"183","X203.ITS_2021.07","203_Summer_2021","203","Summer_2021","Summer","2021","Summer 2021"
"184","X204.ITS_2021.07","204_Summer_2021","204","Summer_2021","Summer","2021","Summer 2021"
"185","X205.ITS_2021.07","205_Summer_2021","205","Summer_2021","Summer","2021","Summer 2021"
"186","X206.ITS_2021.07","206_Summer_2021","206","Summer_2021","Summer","2021","Summer 2021"
"187","X207.ITS_2021.07","207_Summer_2021","207","Summer_2021","Summer","2021","Summer 2021"
"188","X208.ITS_2021.07","208_Summer_2021","208","Summer_2021","Summer","2021","Summer 2021"
"189","X209.ITS_2021.07","209_Summer_2021","209","Summer_2021","Summer","2021","Summer 2021"
"190","X210.ITS_2021.07","210_Summer_2021","210","Summer_2021","Summer","2021","Summer 2021"
"191","X211.ITS_2021.07","211_Summer_2021","211","Summer_2021","Summer","2021","Summer 2021"
"192","X212.ITS_2021.07","212_Summer_2021","212","Summer_2021","Summer","2021","Summer 2021"
"193","X213.ITS_2021.07","213_Summer_2021","213","Summer_2021","Summer","2021","Summer 2021"
"194","X214.ITS_2021.07","214_Summer_2021","214","Summer_2021","Summer","2021","Summer 2021"
"195","X215.ITS_2021.07","215_Summer_2021","215","Summer_2021","Summer","2021","Summer 2021"
"196","X216.ITS_2021.07","216_Summer_2021","216","Summer_2021","Summer","2021","Summer 2021"
"197","X217.ITS_2021.07","217_Summer_2021","217","Summer_2021","Summer","2021","Summer 2021"
"198","X218.ITS_2021.07","218_Summer_2021","218","Summer_2021","Summer","2021","Summer 2021"
"199","X219.ITS_2021.07","219_Summer_2021","219","Summer_2021","Summer","2021","Summer 2021"
"200","X220.ITS_2021.07","220_Summer_2021","220","Summer_2021","Summer","2021","Summer 2021"
"201","X301.ITS_2021.07","301_Summer_2021","301","Summer_2021","Summer","2021","Summer 2021"
"202","X302.ITS_2021.07","302_Summer_2021","302","Summer_2021","Summer","2021","Summer 2021"
"203","X303.ITS_2021.07","303_Summer_2021","303","Summer_2021","Summer","2021","Summer 2021"
"204","X304.ITS_2021.07","304_Summer_2021","304","Summer_2021","Summer","2021","Summer 2021"
"205","X305.ITS_2021.07","305_Summer_2021","305","Summer_2021","Summer","2021","Summer 2021"
"206","X306.ITS_2021.07","306_Summer_2021","306","Summer_2021","Summer","2021","Summer 2021"
"207","X307.ITS_2021.07","307_Summer_2021","307","Summer_2021","Summer","2021","Summer 2021"
"208","X308.ITS_2021.07","308_Summer_2021","308","Summer_2021","Summer","2021","Summer 2021"
"209","X309.ITS_2021.07","309_Summer_2021","309","Summer_2021","Summer","2021","Summer 2021"
"210","X310.ITS_2021.07","310_Summer_2021","310","Summer_2021","Summer","2021","Summer 2021"
"211","X311.ITS_2021.07","311_Summer_2021","311","Summer_2021","Summer","2021","Summer 2021"
"212","X312.ITS_2021.07","312_Summer_2021","312","Summer_2021","Summer","2021","Summer 2021"
"213","X313.ITS_2021.07","313_Summer_2021","313","Summer_2021","Summer","2021","Summer 2021"
"214","X314.ITS_2021.07","314_Summer_2021","314","Summer_2021","Summer","2021","Summer 2021"
"215","X315.ITS_2021.07","315_Summer_2021","315","Summer_2021","Summer","2021","Summer 2021"
"216","X316.ITS_2021.07","316_Summer_2021","316","Summer_2021","Summer","2021","Summer 2021"
"217","X317.ITS_2021.07","317_Summer_2021","317","Summer_2021","Summer","2021","Summer 2021"
"218","X318.ITS_2021.07","318_Summer_2021","318","Summer_2021","Summer","2021","Summer 2021"
"219","X319.ITS_2021.07","319_Summer_2021","319","Summer_2021","Summer","2021","Summer 2021"
"220","X320.ITS_2021.07","320_Summer_2021","320","Summer_2021","Summer","2021","Summer 2021"
"221","X401.ITS_2021.07","401_Summer_2021","401","Summer_2021","Summer","2021","Summer 2021"
"222","X402.ITS_2021.07","402_Summer_2021","402","Summer_2021","Summer","2021","Summer 2021"
"223","X403.ITS_2021.07","403_Summer_2021","403","Summer_2021","Summer","2021","Summer 2021"
"224","X404.ITS_2021.07","404_Summer_2021","404","Summer_2021","Summer","2021","Summer 2021"
"225","X405.ITS_2021.07","405_Summer_2021","405","Summer_2021","Summer","2021","Summer 2021"
"226","X406.ITS_2021.07","406_Summer_2021","406","Summer_2021","Summer","2021","Summer 2021"
"227","X407.ITS_2021.07","407_Summer_2021","407","Summer_2021","Summer","2021","Summer 2021"
"228","X408.ITS_2021.07","408_Summer_2021","408","Summer_2021","Summer","2021","Summer 2021"
"229","X409.ITS_2021.07","409_Summer_2021","409","Summer_2021","Summer","2021","Summer 2021"
"230","X410.ITS_2021.07","410_Summer_2021","410","Summer_2021","Summer","2021","Summer 2021"
"231","X411.ITS_2021.07","411_Summer_2021","411","Summer_2021","Summer","2021","Summer 2021"
"232","X412.ITS_2021.07","412_Summer_2021","412","Summer_2021","Summer","2021","Summer 2021"
"233","X413.ITS_2021.07","413_Summer_2021","413","Summer_2021","Summer","2021","Summer 2021"
"234","X414.ITS_2021.07","414_Summer_2021","414","Summer_2021","Summer","2021","Summer 2021"
"235","X415.ITS_2021.07","415_Summer_2021","415","Summer_2021","Summer","2021","Summer 2021"
"236","X416.ITS_2021.07","416_Summer_2021","416","Summer_2021","Summer","2021","Summer 2021"
"237","X417.ITS_2021.07","417_Summer_2021","417","Summer_2021","Summer","2021","Summer 2021"
"238","X418.ITS_2021.07","418_Summer_2021","418","Summer_2021","Summer","2021","Summer 2021"
"239","X419.ITS_2021.07","419_Summer_2021","419","Summer_2021","Summer","2021","Summer 2021"
"240","X420.ITS_2021.07","420_Summer_2021","420","Summer_2021","Summer","2021","Summer 2021"
"241","X101.ITS_2021.09","101_Fall_2021","101","Fall_2021","Fall","2021","Fall 2021"
"242","X102.ITS_2021.09","102_Fall_2021","102","Fall_2021","Fall","2021","Fall 2021"
"243","X103.ITS_2021.09","103_Fall_2021","103","Fall_2021","Fall","2021","Fall 2021"
"244","X104.ITS_2021.09","104_Fall_2021","104","Fall_2021","Fall","2021","Fall 2021"
"245","X105.ITS_2021.09","105_Fall_2021","105","Fall_2021","Fall","2021","Fall 2021"
"246","X106.ITS_2021.09","106_Fall_2021","106","Fall_2021","Fall","2021","Fall 2021"
"247","X107.ITS_2021.09","107_Fall_2021","107","Fall_2021","Fall","2021","Fall 2021"
"248","X108.ITS_2021.09","108_Fall_2021","108","Fall_2021","Fall","2021","Fall 2021"
"249","X109.ITS_2021.09","109_Fall_2021","109","Fall_2021","Fall","2021","Fall 2021"
"250","X110.ITS_2021.09","110_Fall_2021","110","Fall_2021","Fall","2021","Fall 2021"
"251","X111.ITS_2021.09","111_Fall_2021","111","Fall_2021","Fall","2021","Fall 2021"
"252","X112.ITS_2021.09","112_Fall_2021","112","Fall_2021","Fall","2021","Fall 2021"
"253","X113.ITS_2021.09","113_Fall_2021","113","Fall_2021","Fall","2021","Fall 2021"
"254","X114.ITS_2021.09","114_Fall_2021","114","Fall_2021","Fall","2021","Fall 2021"
"255","X115.ITS_2021.09","115_Fall_2021","115","Fall_2021","Fall","2021","Fall 2021"
"256","X116.ITS_2021.09","116_Fall_2021","116","Fall_2021","Fall","2021","Fall 2021"
"257","X117.ITS_2021.09","117_Fall_2021","117","Fall_2021","Fall","2021","Fall 2021"
"258","X118.ITS_2021.09","118_Fall_2021","118","Fall_2021","Fall","2021","Fall 2021"
"259","X119.ITS_2021.09","119_Fall_2021","119","Fall_2021","Fall","2021","Fall 2021"
"260","X120.ITS_2021.09","120_Fall_2021","120","Fall_2021","Fall","2021","Fall 2021"
"261","X201.ITS_2021.09","201_Fall_2021","201","Fall_2021","Fall","2021","Fall 2021"
"262","X202.ITS_2021.09","202_Fall_2021","202","Fall_2021","Fall","2021","Fall 2021"
"263","X203.ITS_2021.09","203_Fall_2021","203","Fall_2021","Fall","2021","Fall 2021"
"264","X204.ITS_2021.09","204_Fall_2021","204","Fall_2021","Fall","2021","Fall 2021"
"265","X205.ITS_2021.09","205_Fall_2021","205","Fall_2021","Fall","2021","Fall 2021"
"266","X206.ITS_2021.09","206_Fall_2021","206","Fall_2021","Fall","2021","Fall 2021"
"267","X207.ITS_2021.09","207_Fall_2021","207","Fall_2021","Fall","2021","Fall 2021"
"268","X208.ITS_2021.09","208_Fall_2021","208","Fall_2021","Fall","2021","Fall 2021"
"269","X209.ITS_2021.09","209_Fall_2021","209","Fall_2021","Fall","2021","Fall 2021"
"270","X210.ITS_2021.09","210_Fall_2021","210","Fall_2021","Fall","2021","Fall 2021"
"271","X211.ITS_2021.09","211_Fall_2021","211","Fall_2021","Fall","2021","Fall 2021"
"272","X212.ITS_2021.09","212_Fall_2021","212","Fall_2021","Fall","2021","Fall 2021"
"273","X213.ITS_2021.09","213_Fall_2021","213","Fall_2021","Fall","2021","Fall 2021"
"274","X214.ITS_2021.09","214_Fall_2021","214","Fall_2021","Fall","2021","Fall 2021"
"275","X215.ITS_2021.09","215_Fall_2021","215","Fall_2021","Fall","2021","Fall 2021"
"276","X216.ITS_2021.09","216_Fall_2021","216","Fall_2021","Fall","2021","Fall 2021"
"277","X217.ITS_2021.09","217_Fall_2021","217","Fall_2021","Fall","2021","Fall 2021"
"278","X218.ITS_2021.09","218_Fall_2021","218","Fall_2021","Fall","2021","Fall 2021"
"279","X219.ITS_2021.09","219_Fall_2021","219","Fall_2021","Fall","2021","Fall 2021"
"280","X220.ITS_2021.09","220_Fall_2021","220","Fall_2021","Fall","2021","Fall 2021"
"281","X301.ITS_2021.09","301_Fall_2021","301","Fall_2021","Fall","2021","Fall 2021"
"282","X302.ITS_2021.09","302_Fall_2021","302","Fall_2021","Fall","2021","Fall 2021"
"283","X303.ITS_2021.09","303_Fall_2021","303","Fall_2021","Fall","2021","Fall 2021"
"284","X304.ITS_2021.09","304_Fall_2021","304","Fall_2021","Fall","2021","Fall 2021"
"285","X305.ITS_2021.09","305_Fall_2021","305","Fall_2021","Fall","2021","Fall 2021"
"286","X306.ITS_2021.09","306_Fall_2021","306","Fall_2021","Fall","2021","Fall 2021"
"287","X307.ITS_2021.09","307_Fall_2021","307","Fall_2021","Fall","2021","Fall 2021"
"288","X308.ITS_2021.09","308_Fall_2021","308","Fall_2021","Fall","2021","Fall 2021"
"289","X309.ITS_2021.09","309_Fall_2021","309","Fall_2021","Fall","2021","Fall 2021"
"290","X310.ITS_2021.09","310_Fall_2021","310","Fall_2021","Fall","2021","Fall 2021"
"291","X311.ITS_2021.09","311_Fall_2021","311","Fall_2021","Fall","2021","Fall 2021"
"292","X312.ITS_2021.09","312_Fall_2021","312","Fall_2021","Fall","2021","Fall 2021"
"293","X313.ITS_2021.09","313_Fall_2021","313","Fall_2021","Fall","2021","Fall 2021"
"294","X314.ITS_2021.09","314_Fall_2021","314","Fall_2021","Fall","2021","Fall 2021"
"295","X315.ITS_2021.09","315_Fall_2021","315","Fall_2021","Fall","2021","Fall 2021"
"296","X316.ITS_2021.09","316_Fall_2021","316","Fall_2021","Fall","2021","Fall 2021"
"297","X317.ITS_2021.09","317_Fall_2021","317","Fall_2021","Fall","2021","Fall 2021"
"298","X318.ITS_2021.09","318_Fall_2021","318","Fall_2021","Fall","2021","Fall 2021"
"299","X319.ITS_2021.09","319_Fall_2021","319","Fall_2021","Fall","2021","Fall 2021"
"300","X320.ITS_2021.09","320_Fall_2021","320","Fall_2021","Fall","2021","Fall 2021"
"301","X401.ITS_2021.09","401_Fall_2021","401","Fall_2021","Fall","2021","Fall 2021"
"302","X402.ITS_2021.09","402_Fall_2021","402","Fall_2021","Fall","2021","Fall 2021"
"303","X403.ITS_2021.09","403_Fall_2021","403","Fall_2021","Fall","2021","Fall 2021"
"304","X404.ITS_2021.09","404_Fall_2021","404","Fall_2021","Fall","2021","Fall 2021"
"305","X405.ITS_2021.09","405_Fall_2021","405","Fall_2021","Fall","2021","Fall 2021"
"306","X406.ITS_2021.09","406_Fall_2021","406","Fall_2021","Fall","2021","Fall 2021"
"307","X407.ITS_2021.09","407_Fall_2021","407","Fall_2021","Fall","2021","Fall 2021"
"308","X408.ITS_2021.09","408_Fall_2021","408","Fall_2021","Fall","2021","Fall 2021"
"309","X409.ITS_2021.09","409_Fall_2021","409","Fall_2021","Fall","2021","Fall 2021"
"310","X410.ITS_2021.09","410_Fall_2021","410","Fall_2021","Fall","2021","Fall 2021"
"311","X411.ITS_2021.09","411_Fall_2021","411","Fall_2021","Fall","2021","Fall 2021"
"312","X412.ITS_2021.09","412_Fall_2021","412","Fall_2021","Fall","2021","Fall 2021"
"313","X413.ITS_2021.09","413_Fall_2021","413","Fall_2021","Fall","2021","Fall 2021"
"314","X414.ITS_2021.09","414_Fall_2021","414","Fall_2021","Fall","2021","Fall 2021"
"315","X415.ITS_2021.09","415_Fall_2021","415","Fall_2021","Fall","2021","Fall 2021"
"316","X416.ITS_2021.09","416_Fall_2021","416","Fall_2021","Fall","2021","Fall 2021"
"317","X417.ITS_2021.09","417_Fall_2021","417","Fall_2021","Fall","2021","Fall 2021"
"318","X418.ITS_2021.09","418_Fall_2021","418","Fall_2021","Fall","2021","Fall 2021"
"319","X419.ITS_2021.09","419_Fall_2021","419","Fall_2021","Fall","2021","Fall 2021"
"320","X420.ITS_2021.09","420_Fall_2021","420","Fall_2021","Fall","2021","Fall 2021"
"321","X101.ITS_2022.spring","101_Spring_2022","101","Spring_2022","Spring","2022","Spring 2022"
"322","X102.ITS_2022.spring","102_Spring_2022","102","Spring_2022","Spring","2022","Spring 2022"
"323","X103.ITS_2022.spring","103_Spring_2022","103","Spring_2022","Spring","2022","Spring 2022"
"324","X104.ITS_2022.spring","104_Spring_2022","104","Spring_2022","Spring","2022","Spring 2022"
"325","X105.ITS_2022.spring","105_Spring_2022","105","Spring_2022","Spring","2022","Spring 2022"
"326","X106.ITS_2022.spring","106_Spring_2022","106","Spring_2022","Spring","2022","Spring 2022"
"327","X107.ITS_2022.spring","107_Spring_2022","107","Spring_2022","Spring","2022","Spring 2022"
"328","X108.ITS_2022.spring","108_Spring_2022","108","Spring_2022","Spring","2022","Spring 2022"
"329","X109.ITS_2022.spring","109_Spring_2022","109","Spring_2022","Spring","2022","Spring 2022"
"330","X110.ITS_2022.spring","110_Spring_2022","110","Spring_2022","Spring","2022","Spring 2022"
"331","X111.ITS_2022.spring","111_Spring_2022","111","Spring_2022","Spring","2022","Spring 2022"
"332","X112.ITS_2022.spring","112_Spring_2022","112","Spring_2022","Spring","2022","Spring 2022"
"333","X113.ITS_2022.spring","113_Spring_2022","113","Spring_2022","Spring","2022","Spring 2022"
"334","X114.ITS_2022.spring","114_Spring_2022","114","Spring_2022","Spring","2022","Spring 2022"
"335","X115.ITS_2022.spring","115_Spring_2022","115","Spring_2022","Spring","2022","Spring 2022"
"336","X116.ITS_2022.spring","116_Spring_2022","116","Spring_2022","Spring","2022","Spring 2022"
"337","X117.ITS_2022.spring","117_Spring_2022","117","Spring_2022","Spring","2022","Spring 2022"
"338","X118.ITS_2022.spring","118_Spring_2022","118","Spring_2022","Spring","2022","Spring 2022"
"339","X119.ITS_2022.spring","119_Spring_2022","119","Spring_2022","Spring","2022","Spring 2022"
"340","X120.ITS_2022.spring","120_Spring_2022","120","Spring_2022","Spring","2022","Spring 2022"
"341","X201.ITS_2022.spring","201_Spring_2022","201","Spring_2022","Spring","2022","Spring 2022"
"342","X202.ITS_2022.spring","202_Spring_2022","202","Spring_2022","Spring","2022","Spring 2022"
"343","X203.ITS_2022.spring","203_Spring_2022","203","Spring_2022","Spring","2022","Spring 2022"
"344","X204.ITS_2022.spring","204_Spring_2022","204","Spring_2022","Spring","2022","Spring 2022"
"345","X205.ITS_2022.spring","205_Spring_2022","205","Spring_2022","Spring","2022","Spring 2022"
"346","X206.ITS_2022.spring","206_Spring_2022","206","Spring_2022","Spring","2022","Spring 2022"
"347","X207.ITS_2022.spring","207_Spring_2022","207","Spring_2022","Spring","2022","Spring 2022"
"348","X208.ITS_2022.spring","208_Spring_2022","208","Spring_2022","Spring","2022","Spring 2022"
"349","X209.ITS_2022.spring","209_Spring_2022","209","Spring_2022","Spring","2022","Spring 2022"
"350","X210.ITS_2022.spring","210_Spring_2022","210","Spring_2022","Spring","2022","Spring 2022"
"351","X211.ITS_2022.spring","211_Spring_2022","211","Spring_2022","Spring","2022","Spring 2022"
"352","X212.ITS_2022.spring","212_Spring_2022","212","Spring_2022","Spring","2022","Spring 2022"
"353","X213.ITS_2022.spring","213_Spring_2022","213","Spring_2022","Spring","2022","Spring 2022"
"354","X214.ITS_2022.spring","214_Spring_2022","214","Spring_2022","Spring","2022","Spring 2022"
"355","X215.ITS_2022.spring","215_Spring_2022","215","Spring_2022","Spring","2022","Spring 2022"
"356","X216.ITS_2022.spring","216_Spring_2022","216","Spring_2022","Spring","2022","Spring 2022"
"357","X217.ITS_2022.spring","217_Spring_2022","217","Spring_2022","Spring","2022","Spring 2022"
"358","X218.ITS_2022.spring","218_Spring_2022","218","Spring_2022","Spring","2022","Spring 2022"
"359","X219.ITS_2022.spring","219_Spring_2022","219","Spring_2022","Spring","2022","Spring 2022"
"360","X220.ITS_2022.spring","220_Spring_2022","220","Spring_2022","Spring","2022","Spring 2022"
"361","X301.ITS_2022.spring","301_Spring_2022","301","Spring_2022","Spring","2022","Spring 2022"
"362","X302.ITS_2022.spring","302_Spring_2022","302","Spring_2022","Spring","2022","Spring 2022"
"363","X303.ITS_2022.spring","303_Spring_2022","303","Spring_2022","Spring","2022","Spring 2022"
"364","X304.ITS_2022.spring","304_Spring_2022","304","Spring_2022","Spring","2022","Spring 2022"
"365","X305.ITS_2022.spring","305_Spring_2022","305","Spring_2022","Spring","2022","Spring 2022"
"366","X306.ITS_2022.spring","306_Spring_2022","306","Spring_2022","Spring","2022","Spring 2022"
"367","X307.ITS_2022.spring","307_Spring_2022","307","Spring_2022","Spring","2022","Spring 2022"
"368","X308.ITS_2022.spring","308_Spring_2022","308","Spring_2022","Spring","2022","Spring 2022"
"369","X309.ITS_2022.spring","309_Spring_2022","309","Spring_2022","Spring","2022","Spring 2022"
"370","X310.ITS_2022.spring","310_Spring_2022","310","Spring_2022","Spring","2022","Spring 2022"
"371","X311.ITS_2022.spring","311_Spring_2022","311","Spring_2022","Spring","2022","Spring 2022"
"372","X312.ITS_2022.spring","312_Spring_2022","312","Spring_2022","Spring","2022","Spring 2022"
"373","X313.ITS_2022.spring","313_Spring_2022","313","Spring_2022","Spring","2022","Spring 2022"
"374","X314.ITS_2022.spring","314_Spring_2022","314","Spring_2022","Spring","2022","Spring 2022"
"375","X315.ITS_2022.spring","315_Spring_2022","315","Spring_2022","Spring","2022","Spring 2022"
"376","X316.ITS_2022.spring","316_Spring_2022","316","Spring_2022","Spring","2022","Spring 2022"
"377","X317.ITS_2022.spring","317_Spring_2022","317","Spring_2022","Spring","2022","Spring 2022"
"378","X318.ITS_2022.spring","318_Spring_2022","318","Spring_2022","Spring","2022","Spring 2022"
"379","X319.ITS_2022.spring","319_Spring_2022","319","Spring_2022","Spring","2022","Spring 2022"
"380","X320.ITS_2022.spring","320_Spring_2022","320","Spring_2022","Spring","2022","Spring 2022"
"381","X401.ITS_2022.spring","401_Spring_2022","401","Spring_2022","Spring","2022","Spring 2022"
"382","X402.ITS_2022.spring","402_Spring_2022","402","Spring_2022","Spring","2022","Spring 2022"
"383","X403.ITS_2022.spring","403_Spring_2022","403","Spring_2022","Spring","2022","Spring 2022"
"384","X404.ITS_2022.spring","404_Spring_2022","404","Spring_2022","Spring","2022","Spring 2022"
"385","X405.ITS_2022.spring","405_Spring_2022","405","Spring_2022","Spring","2022","Spring 2022"
"386","X406.ITS_2022.spring","406_Spring_2022","406","Spring_2022","Spring","2022","Spring 2022"
"387","X407.ITS_2022.spring","407_Spring_2022","407","Spring_2022","Spring","2022","Spring 2022"
"388","X408.ITS_2022.spring","408_Spring_2022","408","Spring_2022","Spring","2022","Spring 2022"
"389","X409.ITS_2022.spring","409_Spring_2022","409","Spring_2022","Spring","2022","Spring 2022"
"390","X410.ITS_2022.spring","410_Spring_2022","410","Spring_2022","Spring","2022","Spring 2022"
"391","X411.ITS_2022.spring","411_Spring_2022","411","Spring_2022","Spring","2022","Spring 2022"
"392","X412.ITS_2022.spring","412_Spring_2022","412","Spring_2022","Spring","2022","Spring 2022"
"393","X413.ITS_2022.spring","413_Spring_2022","413","Spring_2022","Spring","2022","Spring 2022"
"394","X414.ITS_2022.spring","414_Spring_2022","414","Spring_2022","Spring","2022","Spring 2022"
"395","X415.ITS_2022.spring","415_Spring_2022","415","Spring_2022","Spring","2022","Spring 2022"
"396","X416.ITS_2022.spring","416_Spring_2022","416","Spring_2022","Spring","2022","Spring 2022"
"397","X417.ITS_2022.spring","417_Spring_2022","417","Spring_2022","Spring","2022","Spring 2022"
"398","X418.ITS_2022.spring","418_Spring_2022","418","Spring_2022","Spring","2022","Spring 2022"
"399","X419.ITS_2022.spring","419_Spring_2022","419","Spring_2022","Spring","2022","Spring 2022"
"400","X420.ITS_2022.spring","420_Spring_2022","420","Spring_2022","Spring","2022","Spring 2022"
"401","X101.ITS_2022.summer","101_Summer_2022","101","Summer_2022","Summer","2022","Summer 2022"
"402","X102.ITS_2022.summer","102_Summer_2022","102","Summer_2022","Summer","2022","Summer 2022"
"403","X103.ITS_2022.summer","103_Summer_2022","103","Summer_2022","Summer","2022","Summer 2022"
"404","X104.ITS_2022.summer","104_Summer_2022","104","Summer_2022","Summer","2022","Summer 2022"
"405","X105.ITS_2022.summer","105_Summer_2022","105","Summer_2022","Summer","2022","Summer 2022"
"406","X106.ITS_2022.summer","106_Summer_2022","106","Summer_2022","Summer","2022","Summer 2022"
"407","X107.ITS_2022.summer","107_Summer_2022","107","Summer_2022","Summer","2022","Summer 2022"
"408","X108.ITS_2022.summer","108_Summer_2022","108","Summer_2022","Summer","2022","Summer 2022"
"409","X109.ITS_2022.summer","109_Summer_2022","109","Summer_2022","Summer","2022","Summer 2022"
"410","X110.ITS_2022.summer","110_Summer_2022","110","Summer_2022","Summer","2022","Summer 2022"
"411","X111.ITS_2022.summer","111_Summer_2022","111","Summer_2022","Summer","2022","Summer 2022"
"412","X112.ITS_2022.summer","112_Summer_2022","112","Summer_2022","Summer","2022","Summer 2022"
"413","X113.ITS_2022.summer","113_Summer_2022","113","Summer_2022","Summer","2022","Summer 2022"
"414","X114.ITS_2022.summer","114_Summer_2022","114","Summer_2022","Summer","2022","Summer 2022"
"415","X115.ITS_2022.summer","115_Summer_2022","115","Summer_2022","Summer","2022","Summer 2022"
"416","X116.ITS_2022.summer","116_Summer_2022","116","Summer_2022","Summer","2022","Summer 2022"
"417","X117.ITS_2022.summer","117_Summer_2022","117","Summer_2022","Summer","2022","Summer 2022"
"418","X118.ITS_2022.summer","118_Summer_2022","118","Summer_2022","Summer","2022","Summer 2022"
"419","X119.ITS_2022.summer","119_Summer_2022","119","Summer_2022","Summer","2022","Summer 2022"
"420","X120.ITS_2022.summer","120_Summer_2022","120","Summer_2022","Summer","2022","Summer 2022"
"421","X201.ITS_2022.summer","201_Summer_2022","201","Summer_2022","Summer","2022","Summer 2022"
"422","X202.ITS_2022.summer","202_Summer_2022","202","Summer_2022","Summer","2022","Summer 2022"
"423","X203.ITS_2022.summer","203_Summer_2022","203","Summer_2022","Summer","2022","Summer 2022"
"424","X204.ITS_2022.summer","204_Summer_2022","204","Summer_2022","Summer","2022","Summer 2022"
"425","X205.ITS_2022.summer","205_Summer_2022","205","Summer_2022","Summer","2022","Summer 2022"
"426","X206.ITS_2022.summer","206_Summer_2022","206","Summer_2022","Summer","2022","Summer 2022"
"427","X207.ITS_2022.summer","207_Summer_2022","207","Summer_2022","Summer","2022","Summer 2022"
"428","X208.ITS_2022.summer","208_Summer_2022","208","Summer_2022","Summer","2022","Summer 2022"
"429","X209.ITS_2022.summer","209_Summer_2022","209","Summer_2022","Summer","2022","Summer 2022"
"430","X210.ITS_2022.summer","210_Summer_2022","210","Summer_2022","Summer","2022","Summer 2022"
"431","X211.ITS_2022.summer","211_Summer_2022","211","Summer_2022","Summer","2022","Summer 2022"
"432","X212.ITS_2022.summer","212_Summer_2022","212","Summer_2022","Summer","2022","Summer 2022"
"433","X213.ITS_2022.summer","213_Summer_2022","213","Summer_2022","Summer","2022","Summer 2022"
"434","X214.ITS_2022.summer","214_Summer_2022","214","Summer_2022","Summer","2022","Summer 2022"
"435","X215.ITS_2022.summer","215_Summer_2022","215","Summer_2022","Summer","2022","Summer 2022"
"436","X216.ITS_2022.summer","216_Summer_2022","216","Summer_2022","Summer","2022","Summer 2022"
"437","X217.ITS_2022.summer","217_Summer_2022","217","Summer_2022","Summer","2022","Summer 2022"
"438","X218.ITS_2022.summer","218_Summer_2022","218","Summer_2022","Summer","2022","Summer 2022"
"439","X219.ITS_2022.summer","219_Summer_2022","219","Summer_2022","Summer","2022","Summer 2022"
"440","X220.ITS_2022.summer","220_Summer_2022","220","Summer_2022","Summer","2022","Summer 2022"
"441","X301.ITS_2022.summer","301_Summer_2022","301","Summer_2022","Summer","2022","Summer 2022"
"442","X302.ITS_2022.summer","302_Summer_2022","302","Summer_2022","Summer","2022","Summer 2022"
"443","X303.ITS_2022.summer","303_Summer_2022","303","Summer_2022","Summer","2022","Summer 2022"
"444","X304.ITS_2022.summer","304_Summer_2022","304","Summer_2022","Summer","2022","Summer 2022"
"445","X305.ITS_2022.summer","305_Summer_2022","305","Summer_2022","Summer","2022","Summer 2022"
"446","X306.ITS_2022.summer","306_Summer_2022","306","Summer_2022","Summer","2022","Summer 2022"
"447","X307.ITS_2022.summer","307_Summer_2022","307","Summer_2022","Summer","2022","Summer 2022"
"448","X308.ITS_2022.summer","308_Summer_2022","308","Summer_2022","Summer","2022","Summer 2022"
"449","X309.ITS_2022.summer","309_Summer_2022","309","Summer_2022","Summer","2022","Summer 2022"
"450","X310.ITS_2022.summer","310_Summer_2022","310","Summer_2022","Summer","2022","Summer 2022"
"451","X311.ITS_2022.summer","311_Summer_2022","311","Summer_2022","Summer","2022","Summer 2022"
"452","X312.ITS_2022.summer","312_Summer_2022","312","Summer_2022","Summer","2022","Summer 2022"
"453","X313.ITS_2022.summer","313_Summer_2022","313","Summer_2022","Summer","2022","Summer 2022"
"454","X314.ITS_2022.summer","314_Summer_2022","314","Summer_2022","Summer","2022","Summer 2022"
"455","X315.ITS_2022.summer","315_Summer_2022","315","Summer_2022","Summer","2022","Summer 2022"
"456","X316.ITS_2022.summer","316_Summer_2022","316","Summer_2022","Summer","2022","Summer 2022"
"457","X317.ITS_2022.summer","317_Summer_2022","317","Summer_2022","Summer","2022","Summer 2022"
"458","X318.ITS_2022.summer","318_Summer_2022","318","Summer_2022","Summer","2022","Summer 2022"
"459","X319.ITS_2022.summer","319_Summer_2022","319","Summer_2022","Summer","2022","Summer 2022"
"460","X320.ITS_2022.summer","320_Summer_2022","320","Summer_2022","Summer","2022","Summer 2022"
"461","X401.ITS_2022.summer","401_Summer_2022","401","Summer_2022","Summer","2022","Summer 2022"
"462","X402.ITS_2022.summer","402_Summer_2022","402","Summer_2022","Summer","2022","Summer 2022"
"463","X403.ITS_2022.summer","403_Summer_2022","403","Summer_2022","Summer","2022","Summer 2022"
"464","X404.ITS_2022.summer","404_Summer_2022","404","Summer_2022","Summer","2022","Summer 2022"
"465","X405.ITS_2022.summer","405_Summer_2022","405","Summer_2022","Summer","2022","Summer 2022"
"466","X406.ITS_2022.summer","406_Summer_2022","406","Summer_2022","Summer","2022","Summer 2022"
"467","X407.ITS_2022.summer","407_Summer_2022","407","Summer_2022","Summer","2022","Summer 2022"
"468","X408.ITS_2022.summer","408_Summer_2022","408","Summer_2022","Summer","2022","Summer 2022"
"469","X409.ITS_2022.summer","409_Summer_2022","409","Summer_2022","Summer","2022","Summer 2022"
"470","X410.ITS_2022.summer","410_Summer_2022","410","Summer_2022","Summer","2022","Summer 2022"
"471","X411.ITS_2022.summer","411_Summer_2022","411","Summer_2022","Summer","2022","Summer 2022"
"472","X412.ITS_2022.summer","412_Summer_2022","412","Summer_2022","Summer","2022","Summer 2022"
"473","X413.ITS_2022.summer","413_Summer_2022","413","Summer_2022","Summer","2022","Summer 2022"
"474","X414.ITS_2022.summer","414_Summer_2022","414","Summer_2022","Summer","2022","Summer 2022"
"475","X415.ITS_2022.summer","415_Summer_2022","415","Summer_2022","Summer","2022","Summer 2022"
"476","X416.ITS_2022.summer","416_Summer_2022","416","Summer_2022","Summer","2022","Summer 2022"
"477","X417.ITS_2022.summer","417_Summer_2022","417","Summer_2022","Summer","2022","Summer 2022"
"478","X418.ITS_2022.summer","418_Summer_2022","418","Summer_2022","Summer","2022","Summer 2022"
"479","X419.ITS_2022.summer","419_Summer_2022","419","Summer_2022","Summer","2022","Summer 2022"
"480","X420.ITS_2022.summer","420_Summer_2022","420","Summer_2022","Summer","2022","Summer 2022"
"481","X101_ITS_2022.fall","101_Fall_2022","101","Fall_2022","Fall","2022","Fall 2022"
"482","X102_ITS_2022.fall","102_Fall_2022","102","Fall_2022","Fall","2022","Fall 2022"
"483","X103_ITS_2022.fall","103_Fall_2022","103","Fall_2022","Fall","2022","Fall 2022"
"484","X104_ITS_2022.fall","104_Fall_2022","104","Fall_2022","Fall","2022","Fall 2022"
"485","X105_ITS_2022.fall","105_Fall_2022","105","Fall_2022","Fall","2022","Fall 2022"
"486","X106_ITS_2022.fall","106_Fall_2022","106","Fall_2022","Fall","2022","Fall 2022"
"487","X107_ITS_2022.fall","107_Fall_2022","107","Fall_2022","Fall","2022","Fall 2022"
"488","X108_ITS_2022.fall","108_Fall_2022","108","Fall_2022","Fall","2022","Fall 2022"
"489","X109_ITS_2022.fall","109_Fall_2022","109","Fall_2022","Fall","2022","Fall 2022"
"490","X110_ITS_2022.fall","110_Fall_2022","110","Fall_2022","Fall","2022","Fall 2022"
"491","X111_ITS_2022.fall","111_Fall_2022","111","Fall_2022","Fall","2022","Fall 2022"
"492","X112_ITS_2022.fall","112_Fall_2022","112","Fall_2022","Fall","2022","Fall 2022"
"493","X113_ITS_2022.fall","113_Fall_2022","113","Fall_2022","Fall","2022","Fall 2022"
"494","X114_ITS_2022.fall","114_Fall_2022","114","Fall_2022","Fall","2022","Fall 2022"
"495","X115_ITS_2022.fall","115_Fall_2022","115","Fall_2022","Fall","2022","Fall 2022"
"496","X116_ITS_2022.fall","116_Fall_2022","116","Fall_2022","Fall","2022","Fall 2022"
"497","X117_ITS_2022.fall","117_Fall_2022","117","Fall_2022","Fall","2022","Fall 2022"
"498","X118_ITS_2022.fall","118_Fall_2022","118","Fall_2022","Fall","2022","Fall 2022"
"499","X119_ITS_2022.fall","119_Fall_2022","119","Fall_2022","Fall","2022","Fall 2022"
"500","X120_ITS_2022.fall","120_Fall_2022","120","Fall_2022","Fall","2022","Fall 2022"
"501","X201_ITS_2022.fall","201_Fall_2022","201","Fall_2022","Fall","2022","Fall 2022"
"502","X202_ITS_2022.fall","202_Fall_2022","202","Fall_2022","Fall","2022","Fall 2022"
"503","X203_ITS_2022.fall","203_Fall_2022","203","Fall_2022","Fall","2022","Fall 2022"
"504","X204_ITS_2022.fall","204_Fall_2022","204","Fall_2022","Fall","2022","Fall 2022"
"505","X205_ITS_2022.fall","205_Fall_2022","205","Fall_2022","Fall","2022","Fall 2022"
"506","X206_ITS_2022.fall","206_Fall_2022","206","Fall_2022","Fall","2022","Fall 2022"
"507","X207_ITS_2022.fall","207_Fall_2022","207","Fall_2022","Fall","2022","Fall 2022"
"508","X208_ITS_2022.fall","208_Fall_2022","208","Fall_2022","Fall","2022","Fall 2022"
"509","X209_ITS_2022.fall","209_Fall_2022","209","Fall_2022","Fall","2022","Fall 2022"
"510","X210_ITS_2022.fall","210_Fall_2022","210","Fall_2022","Fall","2022","Fall 2022"
"511","X211_ITS_2022.fall","211_Fall_2022","211","Fall_2022","Fall","2022","Fall 2022"
"512","X212_ITS_2022.fall","212_Fall_2022","212","Fall_2022","Fall","2022","Fall 2022"
"513","X213_ITS_2022.fall","213_Fall_2022","213","Fall_2022","Fall","2022","Fall 2022"
"514","X214_ITS_2022.fall","214_Fall_2022","214","Fall_2022","Fall","2022","Fall 2022"
"515","X215_ITS_2022.fall","215_Fall_2022","215","Fall_2022","Fall","2022","Fall 2022"
"516","X216_ITS_2022.fall","216_Fall_2022","216","Fall_2022","Fall","2022","Fall 2022"
"517","X217_ITS_2022.fall","217_Fall_2022","217","Fall_2022","Fall","2022","Fall 2022"
"518","X218_ITS_2022.fall","218_Fall_2022","218","Fall_2022","Fall","2022","Fall 2022"
"519","X219_ITS_2022.fall","219_Fall_2022","219","Fall_2022","Fall","2022","Fall 2022"
"520","X220_ITS_2022.fall","220_Fall_2022","220","Fall_2022","Fall","2022","Fall 2022"
"521","X301_ITS_2022.fall","301_Fall_2022","301","Fall_2022","Fall","2022","Fall 2022"
"522","X302_ITS_2022.fall","302_Fall_2022","302","Fall_2022","Fall","2022","Fall 2022"
"523","X303_ITS_2022.fall","303_Fall_2022","303","Fall_2022","Fall","2022","Fall 2022"
"524","X304_ITS_2022.fall","304_Fall_2022","304","Fall_2022","Fall","2022","Fall 2022"
"525","X305_ITS_2022.fall","305_Fall_2022","305","Fall_2022","Fall","2022","Fall 2022"
"526","X306_ITS_2022.fall","306_Fall_2022","306","Fall_2022","Fall","2022","Fall 2022"
"527","X307_ITS_2022.fall","307_Fall_2022","307","Fall_2022","Fall","2022","Fall 2022"
"528","X308_ITS_2022.fall","308_Fall_2022","308","Fall_2022","Fall","2022","Fall 2022"
"529","X309_ITS_2022.fall","309_Fall_2022","309","Fall_2022","Fall","2022","Fall 2022"
"530","X310_ITS_2022.fall","310_Fall_2022","310","Fall_2022","Fall","2022","Fall 2022"
"531","X311_ITS_2022.fall","311_Fall_2022","311","Fall_2022","Fall","2022","Fall 2022"
"532","X312_ITS_2022.fall","312_Fall_2022","312","Fall_2022","Fall","2022","Fall 2022"
"533","X313_ITS_2022.fall","313_Fall_2022","313","Fall_2022","Fall","2022","Fall 2022"
"534","X314_ITS_2022.fall","314_Fall_2022","314","Fall_2022","Fall","2022","Fall 2022"
"535","X315_ITS_2022.fall","315_Fall_2022","315","Fall_2022","Fall","2022","Fall 2022"
"536","X316_ITS_2022.fall","316_Fall_2022","316","Fall_2022","Fall","2022","Fall 2022"
"537","X317_ITS_2022.fall","317_Fall_2022","317","Fall_2022","Fall","2022","Fall 2022"
"538","X318_ITS_2022.fall","318_Fall_2022","318","Fall_2022","Fall","2022","Fall 2022"
"539","X319_ITS_2022.fall","319_Fall_2022","319","Fall_2022","Fall","2022","Fall 2022"
"540","X320_ITS_2022.fall","320_Fall_2022","320","Fall_2022","Fall","2022","Fall 2022"
"541","X401_ITS_2022.fall","401_Fall_2022","401","Fall_2022","Fall","2022","Fall 2022"
"542","X402_ITS_2022.fall","402_Fall_2022","402","Fall_2022","Fall","2022","Fall 2022"
"543","X403_ITS_2022.fall","403_Fall_2022","403","Fall_2022","Fall","2022","Fall 2022"
"544","X404_ITS_2022.fall","404_Fall_2022","404","Fall_2022","Fall","2022","Fall 2022"
"545","X405_ITS_2022.fall","405_Fall_2022","405","Fall_2022","Fall","2022","Fall 2022"
"546","X406_ITS_2022.fall","406_Fall_2022","406","Fall_2022","Fall","2022","Fall 2022"
"547","X407_ITS_2022.fall","407_Fall_2022","407","Fall_2022","Fall","2022","Fall 2022"
"548","X408_ITS_2022.fall","408_Fall_2022","408","Fall_2022","Fall","2022","Fall 2022"
"549","X409_ITS_2022.fall","409_Fall_2022","409","Fall_2022","Fall","2022","Fall 2022"
"550","X410_ITS_2022.fall","410_Fall_2022","410","Fall_2022","Fall","2022","Fall 2022"
"551","X411_ITS_2022.fall","411_Fall_2022","411","Fall_2022","Fall","2022","Fall 2022"
"552","X412_ITS_2022.fall","412_Fall_2022","412","Fall_2022","Fall","2022","Fall 2022"
"553","X413_ITS_2022.fall","413_Fall_2022","413","Fall_2022","Fall","2022","Fall 2022"
"554","X414_ITS_2022.fall","414_Fall_2022","414","Fall_2022","Fall","2022","Fall 2022"
"555","X415_ITS_2022.fall","415_Fall_2022","415","Fall_2022","Fall","2022","Fall 2022"
"556","X416_ITS_2022.fall","416_Fall_2022","416","Fall_2022","Fall","2022","Fall 2022"
"557","X417_ITS_2022.fall","417_Fall_2022","417","Fall_2022","Fall","2022","Fall 2022"
"558","X418_ITS_2022.fall","418_Fall_2022","418","Fall_2022","Fall","2022","Fall 2022"
"559","X419_ITS_2022.fall","419_Fall_2022","419","Fall_2022","Fall","2022","Fall 2022"
"560","X420_ITS_2022.fall","420_Fall_2022","420","Fall_2022","Fall","2022","Fall 2022"
"561","X101_ITS_2023.spring","101_Spring_2023","101","Spring_2023","Spring","2023","Spring 2023"
"562","X102_ITS_2023.spring","102_Spring_2023","102","Spring_2023","Spring","2023","Spring 2023"
"563","X103_ITS_2023.spring","103_Spring_2023","103","Spring_2023","Spring","2023","Spring 2023"
"564","X104_ITS_2023.spring","104_Spring_2023","104","Spring_2023","Spring","2023","Spring 2023"
"565","X105_ITS_2023.spring","105_Spring_2023","105","Spring_2023","Spring","2023","Spring 2023"
"566","X106_ITS_2023.spring","106_Spring_2023","106","Spring_2023","Spring","2023","Spring 2023"
"567","X107_ITS_2023.spring","107_Spring_2023","107","Spring_2023","Spring","2023","Spring 2023"
"568","X108_ITS_2023.spring","108_Spring_2023","108","Spring_2023","Spring","2023","Spring 2023"
"569","X109_ITS_2023.spring","109_Spring_2023","109","Spring_2023","Spring","2023","Spring 2023"
"570","X110_ITS_2023.spring","110_Spring_2023","110","Spring_2023","Spring","2023","Spring 2023"
"571","X111_ITS_2023.spring","111_Spring_2023","111","Spring_2023","Spring","2023","Spring 2023"
"572","X112_ITS_2023.spring","112_Spring_2023","112","Spring_2023","Spring","2023","Spring 2023"
"573","X113_ITS_2023.spring","113_Spring_2023","113","Spring_2023","Spring","2023","Spring 2023"
"574","X114_ITS_2023.spring","114_Spring_2023","114","Spring_2023","Spring","2023","Spring 2023"
"575","X115_ITS_2023.spring","115_Spring_2023","115","Spring_2023","Spring","2023","Spring 2023"
"576","X116_ITS_2023.spring","116_Spring_2023","116","Spring_2023","Spring","2023","Spring 2023"
"577","X117_ITS_2023.spring","117_Spring_2023","117","Spring_2023","Spring","2023","Spring 2023"
"578","X118_ITS_2023.spring","118_Spring_2023","118","Spring_2023","Spring","2023","Spring 2023"
"579","X119_ITS_2023.spring","119_Spring_2023","119","Spring_2023","Spring","2023","Spring 2023"
"580","X120_ITS_2023.spring","120_Spring_2023","120","Spring_2023","Spring","2023","Spring 2023"
"581","X201_ITS_2023.spring","201_Spring_2023","201","Spring_2023","Spring","2023","Spring 2023"
"582","X202_ITS_2023.spring","202_Spring_2023","202","Spring_2023","Spring","2023","Spring 2023"
"583","X203_ITS_2023.spring","203_Spring_2023","203","Spring_2023","Spring","2023","Spring 2023"
"584","X204_ITS_2023.spring","204_Spring_2023","204","Spring_2023","Spring","2023","Spring 2023"
"585","X205_ITS_2023.spring","205_Spring_2023","205","Spring_2023","Spring","2023","Spring 2023"
"586","X206_ITS_2023.spring","206_Spring_2023","206","Spring_2023","Spring","2023","Spring 2023"
"587","X207_ITS_2023.spring","207_Spring_2023","207","Spring_2023","Spring","2023","Spring 2023"
"588","X208_ITS_2023.spring","208_Spring_2023","208","Spring_2023","Spring","2023","Spring 2023"
"589","X209_ITS_2023.spring","209_Spring_2023","209","Spring_2023","Spring","2023","Spring 2023"
"590","X210_ITS_2023.spring","210_Spring_2023","210","Spring_2023","Spring","2023","Spring 2023"
"591","X211_ITS_2023.spring","211_Spring_2023","211","Spring_2023","Spring","2023","Spring 2023"
"592","X212_ITS_2023.spring","212_Spring_2023","212","Spring_2023","Spring","2023","Spring 2023"
"593","X213_ITS_2023.spring","213_Spring_2023","213","Spring_2023","Spring","2023","Spring 2023"
"594","X214_ITS_2023.spring","214_Spring_2023","214","Spring_2023","Spring","2023","Spring 2023"
"595","X215_ITS_2023.spring","215_Spring_2023","215","Spring_2023","Spring","2023","Spring 2023"
"596","X216_ITS_2023.spring","216_Spring_2023","216","Spring_2023","Spring","2023","Spring 2023"
"597","X217_ITS_2023.spring","217_Spring_2023","217","Spring_2023","Spring","2023","Spring 2023"
"598","X218_ITS_2023.spring","218_Spring_2023","218","Spring_2023","Spring","2023","Spring 2023"
"599","X219_ITS_2023.spring","219_Spring_2023","219","Spring_2023","Spring","2023","Spring 2023"
"600","X220_ITS_2023.spring","220_Spring_2023","220","Spring_2023","Spring","2023","Spring 2023"
"601","X301_ITS_2023.spring","301_Spring_2023","301","Spring_2023","Spring","2023","Spring 2023"
"602","X302_ITS_2023.spring","302_Spring_2023","302","Spring_2023","Spring","2023","Spring 2023"
"603","X303_ITS_2023.spring","303_Spring_2023","303","Spring_2023","Spring","2023","Spring 2023"
"604","X304_ITS_2023.spring","304_Spring_2023","304","Spring_2023","Spring","2023","Spring 2023"
"605","X305_ITS_2023.spring","305_Spring_2023","305","Spring_2023","Spring","2023","Spring 2023"
"606","X306_ITS_2023.spring","306_Spring_2023","306","Spring_2023","Spring","2023","Spring 2023"
"607","X307_ITS_2023.spring","307_Spring_2023","307","Spring_2023","Spring","2023","Spring 2023"
"608","X308_ITS_2023.spring","308_Spring_2023","308","Spring_2023","Spring","2023","Spring 2023"
"609","X309_ITS_2023.spring","309_Spring_2023","309","Spring_2023","Spring","2023","Spring 2023"
"610","X310_ITS_2023.spring","310_Spring_2023","310","Spring_2023","Spring","2023","Spring 2023"
"611","X311_ITS_2023.spring","311_Spring_2023","311","Spring_2023","Spring","2023","Spring 2023"
"612","X312_ITS_2023.spring","312_Spring_2023","312","Spring_2023","Spring","2023","Spring 2023"
"613","X313_ITS_2023.spring","313_Spring_2023","313","Spring_2023","Spring","2023","Spring 2023"
"614","X314_ITS_2023.spring","314_Spring_2023","314","Spring_2023","Spring","2023","Spring 2023"
"615","X315_ITS_2023.spring","315_Spring_2023","315","Spring_2023","Spring","2023","Spring 2023"
"616","X316_ITS_2023.spring","316_Spring_2023","316","Spring_2023","Spring","2023","Spring 2023"
"617","X317_ITS_2023.spring","317_Spring_2023","317","Spring_2023","Spring","2023","Spring 2023"
"618","X318_ITS_2023.spring","318_Spring_2023","318","Spring_2023","Spring","2023","Spring 2023"
"619","X319_ITS_2023.spring","319_Spring_2023","319","Spring_2023","Spring","2023","Spring 2023"
"620","X320_ITS_2023.spring","320_Spring_2023","320","Spring_2023","Spring","2023","Spring 2023"
"621","X401_ITS_2023.spring","401_Spring_2023","401","Spring_2023","Spring","2023","Spring 2023"
"622","X402_ITS_2023.spring","402_Spring_2023","402","Spring_2023","Spring","2023","Spring 2023"
"623","X403_ITS_2023.spring","403_Spring_2023","403","Spring_2023","Spring","2023","Spring 2023"
"624","X404_ITS_2023.spring","404_Spring_2023","404","Spring_2023","Spring","2023","Spring 2023"
"625","X405_ITS_2023.spring","405_Spring_2023","405","Spring_2023","Spring","2023","Spring 2023"
"626","X406_ITS_2023.spring","406_Spring_2023","406","Spring_2023","Spring","2023","Spring 2023"
"627","X407_ITS_2023.spring","407_Spring_2023","407","Spring_2023","Spring","2023","Spring 2023"
"628","X408_ITS_2023.spring","408_Spring_2023","408","Spring_2023","Spring","2023","Spring 2023"
"629","X409_ITS_2023.spring","409_Spring_2023","409","Spring_2023","Spring","2023","Spring 2023"
"630","X410_ITS_2023.spring","410_Spring_2023","410","Spring_2023","Spring","2023","Spring 2023"
"631","X411_ITS_2023.spring","411_Spring_2023","411","Spring_2023","Spring","2023","Spring 2023"
"632","X412_ITS_2023.spring","412_Spring_2023","412","Spring_2023","Spring","2023","Spring 2023"
"633","X413_ITS_2023.spring","413_Spring_2023","413","Spring_2023","Spring","2023","Spring 2023"
"634","X414_ITS_2023.spring","414_Spring_2023","414","Spring_2023","Spring","2023","Spring 2023"
"635","X415_ITS_2023.spring","415_Spring_2023","415","Spring_2023","Spring","2023","Spring 2023"
"636","X416_ITS_2023.spring","416_Spring_2023","416","Spring_2023","Spring","2023","Spring 2023"
"637","X417_ITS_2023.spring","417_Spring_2023","417","Spring_2023","Spring","2023","Spring 2023"
"638","X418_ITS_2023.spring","418_Spring_2023","418","Spring_2023","Spring","2023","Spring 2023"
"639","X419_ITS_2023.spring","419_Spring_2023","419","Spring_2023","Spring","2023","Spring 2023"
"640","X420_ITS_2023.spring","420_Spring_2023","420","Spring_2023","Spring","2023","Spring 2023"
"641","X101_ITS_2023.summer","101_Summer_2023","101","Summer_2023","Summer","2023","Summer 2023"
"642","X102_ITS_2023.summer","102_Summer_2023","102","Summer_2023","Summer","2023","Summer 2023"
"643","X103_ITS_2023.summer","103_Summer_2023","103","Summer_2023","Summer","2023","Summer 2023"
"644","X104_ITS_2023.summer","104_Summer_2023","104","Summer_2023","Summer","2023","Summer 2023"
"645","X105_ITS_2023.summer","105_Summer_2023","105","Summer_2023","Summer","2023","Summer 2023"
"646","X106_ITS_2023.summer","106_Summer_2023","106","Summer_2023","Summer","2023","Summer 2023"
"647","X107_ITS_2023.summer","107_Summer_2023","107","Summer_2023","Summer","2023","Summer 2023"
"648","X108_ITS_2023.summer","108_Summer_2023","108","Summer_2023","Summer","2023","Summer 2023"
"649","X109_ITS_2023.summer","109_Summer_2023","109","Summer_2023","Summer","2023","Summer 2023"
"650","X110_ITS_2023.summer","110_Summer_2023","110","Summer_2023","Summer","2023","Summer 2023"
"651","X111_ITS_2023.summer","111_Summer_2023","111","Summer_2023","Summer","2023","Summer 2023"
"652","X112_ITS_2023.summer","112_Summer_2023","112","Summer_2023","Summer","2023","Summer 2023"
"653","X113_ITS_2023.summer","113_Summer_2023","113","Summer_2023","Summer","2023","Summer 2023"
"654","X114_ITS_2023.summer","114_Summer_2023","114","Summer_2023","Summer","2023","Summer 2023"
"655","X115_ITS_2023.summer","115_Summer_2023","115","Summer_2023","Summer","2023","Summer 2023"
"656","X116_ITS_2023.summer","116_Summer_2023","116","Summer_2023","Summer","2023","Summer 2023"
"657","X117_ITS_2023.summer","117_Summer_2023","117","Summer_2023","Summer","2023","Summer 2023"
"658","X118_ITS_2023.summer","118_Summer_2023","118","Summer_2023","Summer","2023","Summer 2023"
"659","X119_ITS_2023.summer","119_Summer_2023","119","Summer_2023","Summer","2023","Summer 2023"
"660","X120_ITS_2023.summer","120_Summer_2023","120","Summer_2023","Summer","2023","Summer 2023"
"661","X201_ITS_2023.summer","201_Summer_2023","201","Summer_2023","Summer","2023","Summer 2023"
"662","X202_ITS_2023.summer","202_Summer_2023","202","Summer_2023","Summer","2023","Summer 2023"
"663","X203_ITS_2023.summer","203_Summer_2023","203","Summer_2023","Summer","2023","Summer 2023"
"664","X204_ITS_2023.summer","204_Summer_2023","204","Summer_2023","Summer","2023","Summer 2023"
"665","X205_ITS_2023.summer","205_Summer_2023","205","Summer_2023","Summer","2023","Summer 2023"
"666","X206_ITS_2023.summer","206_Summer_2023","206","Summer_2023","Summer","2023","Summer 2023"
"667","X207_ITS_2023.summer","207_Summer_2023","207","Summer_2023","Summer","2023","Summer 2023"
"668","X208_ITS_2023.summer","208_Summer_2023","208","Summer_2023","Summer","2023","Summer 2023"
"669","X209_ITS_2023.summer","209_Summer_2023","209","Summer_2023","Summer","2023","Summer 2023"
"670","X210_ITS_2023.summer","210_Summer_2023","210","Summer_2023","Summer","2023","Summer 2023"
"671","X211_ITS_2023.summer","211_Summer_2023","211","Summer_2023","Summer","2023","Summer 2023"
"672","X212_ITS_2023.summer","212_Summer_2023","212","Summer_2023","Summer","2023","Summer 2023"
"673","X213_ITS_2023.summer","213_Summer_2023","213","Summer_2023","Summer","2023","Summer 2023"
"674","X214_ITS_2023.summer","214_Summer_2023","214","Summer_2023","Summer","2023","Summer 2023"
"675","X215_ITS_2023.summer","215_Summer_2023","215","Summer_2023","Summer","2023","Summer 2023"
"676","X216_ITS_2023.summer","216_Summer_2023","216","Summer_2023","Summer","2023","Summer 2023"
"677","X217_ITS_2023.summer","217_Summer_2023","217","Summer_2023","Summer","2023","Summer 2023"
"678","X218_ITS_2023.summer","218_Summer_2023","218","Summer_2023","Summer","2023","Summer 2023"
"679","X219_ITS_2023.summer","219_Summer_2023","219","Summer_2023","Summer","2023","Summer 2023"
"680","X220_ITS_2023.summer","220_Summer_2023","220","Summer_2023","Summer","2023","Summer 2023"
"681","X301_ITS_2023.summer","301_Summer_2023","301","Summer_2023","Summer","2023","Summer 2023"
"682","X302_ITS_2023.summer","302_Summer_2023","302","Summer_2023","Summer","2023","Summer 2023"
"683","X303_ITS_2023.summer","303_Summer_2023","303","Summer_2023","Summer","2023","Summer 2023"
"684","X304_ITS_2023.summer","304_Summer_2023","304","Summer_2023","Summer","2023","Summer 2023"
"685","X305_ITS_2023.summer","305_Summer_2023","305","Summer_2023","Summer","2023","Summer 2023"
"686","X306_ITS_2023.summer","306_Summer_2023","306","Summer_2023","Summer","2023","Summer 2023"
"687","X307_ITS_2023.summer","307_Summer_2023","307","Summer_2023","Summer","2023","Summer 2023"
"688","X308_ITS_2023.summer","308_Summer_2023","308","Summer_2023","Summer","2023","Summer 2023"
"689","X309_ITS_2023.summer","309_Summer_2023","309","Summer_2023","Summer","2023","Summer 2023"
"690","X310_ITS_2023.summer","310_Summer_2023","310","Summer_2023","Summer","2023","Summer 2023"
"691","X311_ITS_2023.summer","311_Summer_2023","311","Summer_2023","Summer","2023","Summer 2023"
"692","X312_ITS_2023.summer","312_Summer_2023","312","Summer_2023","Summer","2023","Summer 2023"
"693","X313_ITS_2023.summer","313_Summer_2023","313","Summer_2023","Summer","2023","Summer 2023"
"694","X314_ITS_2023.summer","314_Summer_2023","314","Summer_2023","Summer","2023","Summer 2023"
"695","X315_ITS_2023.summer","315_Summer_2023","315","Summer_2023","Summer","2023","Summer 2023"
"696","X316_ITS_2023.summer","316_Summer_2023","316","Summer_2023","Summer","2023","Summer 2023"
"697","X317_ITS_2023.summer","317_Summer_2023","317","Summer_2023","Summer","2023","Summer 2023"
"698","X318_ITS_2023.summer","318_Summer_2023","318","Summer_2023","Summer","2023","Summer 2023"
"699","X319_ITS_2023.summer","319_Summer_2023","319","Summer_2023","Summer","2023","Summer 2023"
"700","X320_ITS_2023.summer","320_Summer_2023","320","Summer_2023","Summer","2023","Summer 2023"
"701","X401_ITS_2023.summer","401_Summer_2023","401","Summer_2023","Summer","2023","Summer 2023"
"702","X402_ITS_2023.summer","402_Summer_2023","402","Summer_2023","Summer","2023","Summer 2023"
"703","X403_ITS_2023.summer","403_Summer_2023","403","Summer_2023","Summer","2023","Summer 2023"
"704","X404_ITS_2023.summer","404_Summer_2023","404","Summer_2023","Summer","2023","Summer 2023"
"705","X405_ITS_2023.summer","405_Summer_2023","405","Summer_2023","Summer","2023","Summer 2023"
"706","X406_ITS_2023.summer","406_Summer_2023","406","Summer_2023","Summer","2023","Summer 2023"
"707","X407_ITS_2023.summer","407_Summer_2023","407","Summer_2023","Summer","2023","Summer 2023"
"708","X408_ITS_2023.summer","408_Summer_2023","408","Summer_2023","Summer","2023","Summer 2023"
"709","X409_ITS_2023.summer","409_Summer_2023","409","Summer_2023","Summer","2023","Summer 2023"
"710","X410_ITS_2023.summer","410_Summer_2023","410","Summer_2023","Summer","2023","Summer 2023"
"711","X411_ITS_2023.summer","411_Summer_2023","411","Summer_2023","Summer","2023","Summer 2023"
"712","X412_ITS_2023.summer","412_Summer_2023","412","Summer_2023","Summer","2023","Summer 2023"
"713","X413_ITS_2023.summer","413_Summer_2023","413","Summer_2023","Summer","2023","Summer 2023"
"714","X414_ITS_2023.summer","414_Summer_2023","414","Summer_2023","Summer","2023","Summer 2023"
"715","X415_ITS_2023.summer","415_Summer_2023","415","Summer_2023","Summer","2023","Summer 2023"
"716","X416_ITS_2023.summer","416_Summer_2023","416","Summer_2023","Summer","2023","Summer 2023"
"717","X417_ITS_2023.summer","417_Summer_2023","417","Summer_2023","Summer","2023","Summer 2023"
"718","X418_ITS_2023.summer","418_Summer_2023","418","Summer_2023","Summer","2023","Summer 2023"
"719","X419_ITS_2023.summer","419_Summer_2023","419","Summer_2023","Summer","2023","Summer 2023"
"720","X420_ITS_2023.summer","420_Summer_2023","420","Summer_2023","Summer","2023","Summer 2023"
"721","X101_ITS_Fall_2023","101_Fall_2023","101","Fall_2023","Fall","2023","Fall 2023"
"722","X102_ITS_Fall_2023","102_Fall_2023","102","Fall_2023","Fall","2023","Fall 2023"
"723","X103_ITS_Fall_2023","103_Fall_2023","103","Fall_2023","Fall","2023","Fall 2023"
"724","X104_ITS_Fall_2023","104_Fall_2023","104","Fall_2023","Fall","2023","Fall 2023"
"725","X105_ITS_Fall_2023","105_Fall_2023","105","Fall_2023","Fall","2023","Fall 2023"
"726","X106_ITS_Fall_2023","106_Fall_2023","106","Fall_2023","Fall","2023","Fall 2023"
"727","X107_ITS_Fall_2023","107_Fall_2023","107","Fall_2023","Fall","2023","Fall 2023"
"728","X108_ITS_Fall_2023","108_Fall_2023","108","Fall_2023","Fall","2023","Fall 2023"
"729","X109_ITS_Fall_2023","109_Fall_2023","109","Fall_2023","Fall","2023","Fall 2023"
"730","X110_ITS_Fall_2023","110_Fall_2023","110","Fall_2023","Fall","2023","Fall 2023"
"731","X111_ITS_Fall_2023","111_Fall_2023","111","Fall_2023","Fall","2023","Fall 2023"
"732","X112_ITS_Fall_2023","112_Fall_2023","112","Fall_2023","Fall","2023","Fall 2023"
"733","X113_ITS_Fall_2023","113_Fall_2023","113","Fall_2023","Fall","2023","Fall 2023"
"734","X114_ITS_Fall_2023","114_Fall_2023","114","Fall_2023","Fall","2023","Fall 2023"
"735","X115_ITS_Fall_2023","115_Fall_2023","115","Fall_2023","Fall","2023","Fall 2023"
"736","X116_ITS_Fall_2023","116_Fall_2023","116","Fall_2023","Fall","2023","Fall 2023"
"737","X117_ITS_Fall_2023","117_Fall_2023","117","Fall_2023","Fall","2023","Fall 2023"
"738","X118_ITS_Fall_2023","118_Fall_2023","118","Fall_2023","Fall","2023","Fall 2023"
"739","X119_ITS_Fall_2023","119_Fall_2023","119","Fall_2023","Fall","2023","Fall 2023"
"740","X120_ITS_Fall_2023","120_Fall_2023","120","Fall_2023","Fall","2023","Fall 2023"
"741","X201_ITS_Fall_2023","201_Fall_2023","201","Fall_2023","Fall","2023","Fall 2023"
"742","X202_ITS_Fall_2023","202_Fall_2023","202","Fall_2023","Fall","2023","Fall 2023"
"743","X203_ITS_Fall_2023","203_Fall_2023","203","Fall_2023","Fall","2023","Fall 2023"
"744","X204_ITS_Fall_2023","204_Fall_2023","204","Fall_2023","Fall","2023","Fall 2023"
"745","X205_ITS_Fall_2023","205_Fall_2023","205","Fall_2023","Fall","2023","Fall 2023"
"746","X206_ITS_Fall_2023","206_Fall_2023","206","Fall_2023","Fall","2023","Fall 2023"
"747","X207_ITS_Fall_2023","207_Fall_2023","207","Fall_2023","Fall","2023","Fall 2023"
"748","X208_ITS_Fall_2023","208_Fall_2023","208","Fall_2023","Fall","2023","Fall 2023"
"749","X209_ITS_Fall_2023","209_Fall_2023","209","Fall_2023","Fall","2023","Fall 2023"
"750","X210_ITS_Fall_2023","210_Fall_2023","210","Fall_2023","Fall","2023","Fall 2023"
"751","X211_ITS_Fall_2023","211_Fall_2023","211","Fall_2023","Fall","2023","Fall 2023"
"752","X212_ITS_Fall_2023","212_Fall_2023","212","Fall_2023","Fall","2023","Fall 2023"
"753","X213_ITS_Fall_2023","213_Fall_2023","213","Fall_2023","Fall","2023","Fall 2023"
"754","X214_ITS_Fall_2023","214_Fall_2023","214","Fall_2023","Fall","2023","Fall 2023"
"755","X215_ITS_Fall_2023","215_Fall_2023","215","Fall_2023","Fall","2023","Fall 2023"
"756","X216_ITS_Fall_2023","216_Fall_2023","216","Fall_2023","Fall","2023","Fall 2023"
"757","X217_ITS_Fall_2023","217_Fall_2023","217","Fall_2023","Fall","2023","Fall 2023"
"758","X218_ITS_Fall_2023","218_Fall_2023","218","Fall_2023","Fall","2023","Fall 2023"
"759","X219_ITS_Fall_2023","219_Fall_2023","219","Fall_2023","Fall","2023","Fall 2023"
"760","X220_ITS_Fall_2023","220_Fall_2023","220","Fall_2023","Fall","2023","Fall 2023"
"761","X301_ITS_Fall_2023","301_Fall_2023","301","Fall_2023","Fall","2023","Fall 2023"
"762","X302_ITS_Fall_2023","302_Fall_2023","302","Fall_2023","Fall","2023","Fall 2023"
"763","X303_ITS_Fall_2023","303_Fall_2023","303","Fall_2023","Fall","2023","Fall 2023"
"764","X304_ITS_Fall_2023","304_Fall_2023","304","Fall_2023","Fall","2023","Fall 2023"
"765","X305_ITS_Fall_2023","305_Fall_2023","305","Fall_2023","Fall","2023","Fall 2023"
"766","X306_ITS_Fall_2023","306_Fall_2023","306","Fall_2023","Fall","2023","Fall 2023"
"767","X307_ITS_Fall_2023","307_Fall_2023","307","Fall_2023","Fall","2023","Fall 2023"
"768","X308_ITS_Fall_2023","308_Fall_2023","308","Fall_2023","Fall","2023","Fall 2023"
"769","X309_ITS_Fall_2023","309_Fall_2023","309","Fall_2023","Fall","2023","Fall 2023"
"770","X310_ITS_Fall_2023","310_Fall_2023","310","Fall_2023","Fall","2023","Fall 2023"
"771","X311_ITS_Fall_2023","311_Fall_2023","311","Fall_2023","Fall","2023","Fall 2023"
"772","X312_ITS_Fall_2023","312_Fall_2023","312","Fall_2023","Fall","2023","Fall 2023"
"773","X313_ITS_Fall_2023","313_Fall_2023","313","Fall_2023","Fall","2023","Fall 2023"
"774","X314_ITS_Fall_2023","314_Fall_2023","314","Fall_2023","Fall","2023","Fall 2023"
"775","X315_ITS_Fall_2023","315_Fall_2023","315","Fall_2023","Fall","2023","Fall 2023"
"776","X316_ITS_Fall_2023","316_Fall_2023","316","Fall_2023","Fall","2023","Fall 2023"
"777","X317_ITS_Fall_2023","317_Fall_2023","317","Fall_2023","Fall","2023","Fall 2023"
"778","X318_ITS_Fall_2023","318_Fall_2023","318","Fall_2023","Fall","2023","Fall 2023"
"779","X319_ITS_Fall_2023","319_Fall_2023","319","Fall_2023","Fall","2023","Fall 2023"
"780","X320_ITS_Fall_2023","320_Fall_2023","320","Fall_2023","Fall","2023","Fall 2023"
"781","X401_ITS_Fall_2023","401_Fall_2023","401","Fall_2023","Fall","2023","Fall 2023"
"782","X402_ITS_Fall_2023","402_Fall_2023","402","Fall_2023","Fall","2023","Fall 2023"
"783","X403_ITS_Fall_2023","403_Fall_2023","403","Fall_2023","Fall","2023","Fall 2023"
"784","X404_ITS_Fall_2023","404_Fall_2023","404","Fall_2023","Fall","2023","Fall 2023"
"785","X405_ITS_Fall_2023","405_Fall_2023","405","Fall_2023","Fall","2023","Fall 2023"
"786","X406_ITS_Fall_2023","406_Fall_2023","406","Fall_2023","Fall","2023","Fall 2023"
"787","X407_ITS_Fall_2023","407_Fall_2023","407","Fall_2023","Fall","2023","Fall 2023"
"788","X408_ITS_Fall_2023","408_Fall_2023","408","Fall_2023","Fall","2023","Fall 2023"
"789","X409_ITS_Fall_2023","409_Fall_2023","409","Fall_2023","Fall","2023","Fall 2023"
"790","X410_ITS_Fall_2023","410_Fall_2023","410","Fall_2023","Fall","2023","Fall 2023"
"791","X411_ITS_Fall_2023","411_Fall_2023","411","Fall_2023","Fall","2023","Fall 2023"
"792","X412_ITS_Fall_2023","412_Fall_2023","412","Fall_2023","Fall","2023","Fall 2023"
"793","X413_ITS_Fall_2023","413_Fall_2023","413","Fall_2023","Fall","2023","Fall 2023"
"794","X414_ITS_Fall_2023","414_Fall_2023","414","Fall_2023","Fall","2023","Fall 2023"
"795","X415_ITS_Fall_2023","415_Fall_2023","415","Fall_2023","Fall","2023","Fall 2023"
"796","X416_ITS_Fall_2023","416_Fall_2023","416","Fall_2023","Fall","2023","Fall 2023"
"797","X417_ITS_Fall_2023","417_Fall_2023","417","Fall_2023","Fall","2023","Fall 2023"
"798","X418_ITS_Fall_2023","418_Fall_2023","418","Fall_2023","Fall","2023","Fall 2023"
"799","X419_ITS_Fall_2023","419_Fall_2023","419","Fall_2023","Fall","2023","Fall 2023"
"800","X420_ITS_Fall_2023","420_Fall_2023","420","Fall_2023","Fall","2023","Fall 2023"
"801","X101_ITS_Spring_2024","101_Spring_2024","101","Spring_2024","Spring","2024","Spring 2024"
"802","X102_ITS_Spring_2024","102_Spring_2024","102","Spring_2024","Spring","2024","Spring 2024"
"803","X103_ITS_Spring_2024","103_Spring_2024","103","Spring_2024","Spring","2024","Spring 2024"
"804","X104_ITS_Spring_2024","104_Spring_2024","104","Spring_2024","Spring","2024","Spring 2024"
"805","X105_ITS_Spring_2024","105_Spring_2024","105","Spring_2024","Spring","2024","Spring 2024"
"806","X106_ITS_Spring_2024","106_Spring_2024","106","Spring_2024","Spring","2024","Spring 2024"
"807","X107_ITS_Spring_2024","107_Spring_2024","107","Spring_2024","Spring","2024","Spring 2024"
"808","X108_ITS_Spring_2024","108_Spring_2024","108","Spring_2024","Spring","2024","Spring 2024"
"809","X109_ITS_Spring_2024","109_Spring_2024","109","Spring_2024","Spring","2024","Spring 2024"
"810","X110_ITS_Spring_2024","110_Spring_2024","110","Spring_2024","Spring","2024","Spring 2024"
"811","X111_ITS_Spring_2024","111_Spring_2024","111","Spring_2024","Spring","2024","Spring 2024"
"812","X112_ITS_Spring_2024","112_Spring_2024","112","Spring_2024","Spring","2024","Spring 2024"
"813","X113_ITS_Spring_2024","113_Spring_2024","113","Spring_2024","Spring","2024","Spring 2024"
"814","X114_ITS_Spring_2024","114_Spring_2024","114","Spring_2024","Spring","2024","Spring 2024"
"815","X115_ITS_Spring_2024","115_Spring_2024","115","Spring_2024","Spring","2024","Spring 2024"
"816","X116_ITS_Spring_2024","116_Spring_2024","116","Spring_2024","Spring","2024","Spring 2024"
"817","X117_ITS_Spring_2024","117_Spring_2024","117","Spring_2024","Spring","2024","Spring 2024"
"818","X118_ITS_Spring_2024","118_Spring_2024","118","Spring_2024","Spring","2024","Spring 2024"
"819","X119_ITS_Spring_2024","119_Spring_2024","119","Spring_2024","Spring","2024","Spring 2024"
"820","X120_ITS_Spring_2024","120_Spring_2024","120","Spring_2024","Spring","2024","Spring 2024"
"821","X201_ITS_Spring_2024","201_Spring_2024","201","Spring_2024","Spring","2024","Spring 2024"
"822","X202_ITS_Spring_2024","202_Spring_2024","202","Spring_2024","Spring","2024","Spring 2024"
"823","X203_ITS_Spring_2024","203_Spring_2024","203","Spring_2024","Spring","2024","Spring 2024"
"824","X204_ITS_Spring_2024","204_Spring_2024","204","Spring_2024","Spring","2024","Spring 2024"
"825","X205_ITS_Spring_2024","205_Spring_2024","205","Spring_2024","Spring","2024","Spring 2024"
"826","X206_ITS_Spring_2024","206_Spring_2024","206","Spring_2024","Spring","2024","Spring 2024"
"827","X207_ITS_Spring_2024","207_Spring_2024","207","Spring_2024","Spring","2024","Spring 2024"
"828","X208_ITS_Spring_2024","208_Spring_2024","208","Spring_2024","Spring","2024","Spring 2024"
"829","X209_ITS_Spring_2024","209_Spring_2024","209","Spring_2024","Spring","2024","Spring 2024"
"830","X210_ITS_Spring_2024","210_Spring_2024","210","Spring_2024","Spring","2024","Spring 2024"
"831","X211_ITS_Spring_2024","211_Spring_2024","211","Spring_2024","Spring","2024","Spring 2024"
"832","X212_ITS_Spring_2024","212_Spring_2024","212","Spring_2024","Spring","2024","Spring 2024"
"833","X213_ITS_Spring_2024","213_Spring_2024","213","Spring_2024","Spring","2024","Spring 2024"
"834","X214_ITS_Spring_2024","214_Spring_2024","214","Spring_2024","Spring","2024","Spring 2024"
"835","X215_ITS_Spring_2024","215_Spring_2024","215","Spring_2024","Spring","2024","Spring 2024"
"836","X216_ITS_Spring_2024","216_Spring_2024","216","Spring_2024","Spring","2024","Spring 2024"
"837","X217_ITS_Spring_2024","217_Spring_2024","217","Spring_2024","Spring","2024","Spring 2024"
"838","X218_ITS_Spring_2024","218_Spring_2024","218","Spring_2024","Spring","2024","Spring 2024"
"839","X219_ITS_Spring_2024","219_Spring_2024","219","Spring_2024","Spring","2024","Spring 2024"
"840","X220_ITS_Spring_2024","220_Spring_2024","220","Spring_2024","Spring","2024","Spring 2024"
"841","X301_ITS_Spring_2024","301_Spring_2024","301","Spring_2024","Spring","2024","Spring 2024"
"842","X302_ITS_Spring_2024","302_Spring_2024","302","Spring_2024","Spring","2024","Spring 2024"
"843","X303_ITS_Spring_2024","303_Spring_2024","303","Spring_2024","Spring","2024","Spring 2024"
"844","X304_ITS_Spring_2024","304_Spring_2024","304","Spring_2024","Spring","2024","Spring 2024"
"845","X305_ITS_Spring_2024","305_Spring_2024","305","Spring_2024","Spring","2024","Spring 2024"
"846","X306_ITS_Spring_2024","306_Spring_2024","306","Spring_2024","Spring","2024","Spring 2024"
"847","X307_ITS_Spring_2024","307_Spring_2024","307","Spring_2024","Spring","2024","Spring 2024"
"848","X308_ITS_Spring_2024","308_Spring_2024","308","Spring_2024","Spring","2024","Spring 2024"
"849","X309_ITS_Spring_2024","309_Spring_2024","309","Spring_2024","Spring","2024","Spring 2024"
"850","X310_ITS_Spring_2024","310_Spring_2024","310","Spring_2024","Spring","2024","Spring 2024"
"851","X311_ITS_Spring_2024","311_Spring_2024","311","Spring_2024","Spring","2024","Spring 2024"
"852","X312_ITS_Spring_2024","312_Spring_2024","312","Spring_2024","Spring","2024","Spring 2024"
"853","X313_ITS_Spring_2024","313_Spring_2024","313","Spring_2024","Spring","2024","Spring 2024"
"854","X314_ITS_Spring_2024","314_Spring_2024","314","Spring_2024","Spring","2024","Spring 2024"
"855","X315_ITS_Spring_2024","315_Spring_2024","315","Spring_2024","Spring","2024","Spring 2024"
"856","X316_ITS_Spring_2024","316_Spring_2024","316","Spring_2024","Spring","2024","Spring 2024"
"857","X317_ITS_Spring_2024","317_Spring_2024","317","Spring_2024","Spring","2024","Spring 2024"
"858","X318_ITS_Spring_2024","318_Spring_2024","318","Spring_2024","Spring","2024","Spring 2024"
"859","X319_ITS_Spring_2024","319_Spring_2024","319","Spring_2024","Spring","2024","Spring 2024"
"860","X320_ITS_Spring_2024","320_Spring_2024","320","Spring_2024","Spring","2024","Spring 2024"
"861","X401_ITS_Spring_2024","401_Spring_2024","401","Spring_2024","Spring","2024","Spring 2024"
"862","X402_ITS_Spring_2024","402_Spring_2024","402","Spring_2024","Spring","2024","Spring 2024"
"863","X403_ITS_Spring_2024","403_Spring_2024","403","Spring_2024","Spring","2024","Spring 2024"
"864","X404_ITS_Spring_2024","404_Spring_2024","404","Spring_2024","Spring","2024","Spring 2024"
"865","X405_ITS_Spring_2024","405_Spring_2024","405","Spring_2024","Spring","2024","Spring 2024"
"866","X406_ITS_Spring_2024","406_Spring_2024","406","Spring_2024","Spring","2024","Spring 2024"
"867","X407_ITS_Spring_2024","407_Spring_2024","407","Spring_2024","Spring","2024","Spring 2024"
"868","X408_ITS_Spring_2024","408_Spring_2024","408","Spring_2024","Spring","2024","Spring 2024"
"869","X409_ITS_Spring_2024","409_Spring_2024","409","Spring_2024","Spring","2024","Spring 2024"
"870","X410_ITS_Spring_2024","410_Spring_2024","410","Spring_2024","Spring","2024","Spring 2024"
"871","X411_ITS_Spring_2024","411_Spring_2024","411","Spring_2024","Spring","2024","Spring 2024"
"872","X412_ITS_Spring_2024","412_Spring_2024","412","Spring_2024","Spring","2024","Spring 2024"
"873","X413_ITS_Spring_2024","413_Spring_2024","413","Spring_2024","Spring","2024","Spring 2024"
"874","X414_ITS_Spring_2024","414_Spring_2024","414","Spring_2024","Spring","2024","Spring 2024"
"875","X415_ITS_Spring_2024","415_Spring_2024","415","Spring_2024","Spring","2024","Spring 2024"
"876","X416_ITS_Spring_2024","416_Spring_2024","416","Spring_2024","Spring","2024","Spring 2024"
"877","X417_ITS_Spring_2024","417_Spring_2024","417","Spring_2024","Spring","2024","Spring 2024"
"878","X418_ITS_Spring_2024","418_Spring_2024","418","Spring_2024","Spring","2024","Spring 2024"
"879","X419_ITS_Spring_2024","419_Spring_2024","419","Spring_2024","Spring","2024","Spring 2024"
"880","X420_ITS_Spring_2024","420_Spring_2024","420","Spring_2024","Spring","2024","Spring 2024"
"881","X101_ITS_Summer_2024","101_Summer_2024","101","Summer_2024","Summer","2024","Summer 2024"
"882","X102_ITS_Summer_2024","102_Summer_2024","102","Summer_2024","Summer","2024","Summer 2024"
"883","X103_ITS_Summer_2024","103_Summer_2024","103","Summer_2024","Summer","2024","Summer 2024"
"884","X104_ITS_Summer_2024","104_Summer_2024","104","Summer_2024","Summer","2024","Summer 2024"
"885","X105_ITS_Summer_2024","105_Summer_2024","105","Summer_2024","Summer","2024","Summer 2024"
"886","X106_ITS_Summer_2024","106_Summer_2024","106","Summer_2024","Summer","2024","Summer 2024"
"887","X107_ITS_Summer_2024","107_Summer_2024","107","Summer_2024","Summer","2024","Summer 2024"
"888","X108_ITS_Summer_2024","108_Summer_2024","108","Summer_2024","Summer","2024","Summer 2024"
"889","X109_ITS_Summer_2024","109_Summer_2024","109","Summer_2024","Summer","2024","Summer 2024"
"890","X110_ITS_Summer_2024","110_Summer_2024","110","Summer_2024","Summer","2024","Summer 2024"
"891","X111_ITS_Summer_2024","111_Summer_2024","111","Summer_2024","Summer","2024","Summer 2024"
"892","X112_ITS_Summer_2024","112_Summer_2024","112","Summer_2024","Summer","2024","Summer 2024"
"893","X113_ITS_Summer_2024","113_Summer_2024","113","Summer_2024","Summer","2024","Summer 2024"
"894","X114_ITS_Summer_2024","114_Summer_2024","114","Summer_2024","Summer","2024","Summer 2024"
"895","X115_ITS_Summer_2024","115_Summer_2024","115","Summer_2024","Summer","2024","Summer 2024"
"896","X116_ITS_Summer_2024","116_Summer_2024","116","Summer_2024","Summer","2024","Summer 2024"
"897","X117_ITS_Summer_2024","117_Summer_2024","117","Summer_2024","Summer","2024","Summer 2024"
"898","X118_ITS_Summer_2024","118_Summer_2024","118","Summer_2024","Summer","2024","Summer 2024"
"899","X119_ITS_Summer_2024","119_Summer_2024","119","Summer_2024","Summer","2024","Summer 2024"
"900","X120_ITS_Summer_2024","120_Summer_2024","120","Summer_2024","Summer","2024","Summer 2024"
"901","X201_ITS_Summer_2024","201_Summer_2024","201","Summer_2024","Summer","2024","Summer 2024"
"902","X202_ITS_Summer_2024","202_Summer_2024","202","Summer_2024","Summer","2024","Summer 2024"
"903","X203_ITS_Summer_2024","203_Summer_2024","203","Summer_2024","Summer","2024","Summer 2024"
"904","X204_ITS_Summer_2024","204_Summer_2024","204","Summer_2024","Summer","2024","Summer 2024"
"905","X205_ITS_Summer_2024","205_Summer_2024","205","Summer_2024","Summer","2024","Summer 2024"
"906","X206_ITS_Summer_2024","206_Summer_2024","206","Summer_2024","Summer","2024","Summer 2024"
"907","X207_ITS_Summer_2024","207_Summer_2024","207","Summer_2024","Summer","2024","Summer 2024"
"908","X208_ITS_Summer_2024","208_Summer_2024","208","Summer_2024","Summer","2024","Summer 2024"
"909","X209_ITS_Summer_2024","209_Summer_2024","209","Summer_2024","Summer","2024","Summer 2024"
"910","X210_ITS_Summer_2024","210_Summer_2024","210","Summer_2024","Summer","2024","Summer 2024"
"911","X211_ITS_Summer_2024","211_Summer_2024","211","Summer_2024","Summer","2024","Summer 2024"
"912","X212_ITS_Summer_2024","212_Summer_2024","212","Summer_2024","Summer","2024","Summer 2024"
"913","X213_ITS_Summer_2024","213_Summer_2024","213","Summer_2024","Summer","2024","Summer 2024"
"914","X214_ITS_Summer_2024","214_Summer_2024","214","Summer_2024","Summer","2024","Summer 2024"
"915","X215_ITS_Summer_2024","215_Summer_2024","215","Summer_2024","Summer","2024","Summer 2024"
"916","X216_ITS_Summer_2024","216_Summer_2024","216","Summer_2024","Summer","2024","Summer 2024"
"917","X217_ITS_Summer_2024","217_Summer_2024","217","Summer_2024","Summer","2024","Summer 2024"
"918","X218_ITS_Summer_2024","218_Summer_2024","218","Summer_2024","Summer","2024","Summer 2024"
"919","X219_ITS_Summer_2024","219_Summer_2024","219","Summer_2024","Summer","2024","Summer 2024"
"920","X220_ITS_Summer_2024","220_Summer_2024","220","Summer_2024","Summer","2024","Summer 2024"
"921","X301_ITS_Summer_2024","301_Summer_2024","301","Summer_2024","Summer","2024","Summer 2024"
"922","X302_ITS_Summer_2024","302_Summer_2024","302","Summer_2024","Summer","2024","Summer 2024"
"923","X303_ITS_Summer_2024","303_Summer_2024","303","Summer_2024","Summer","2024","Summer 2024"
"924","X304_ITS_Summer_2024","304_Summer_2024","304","Summer_2024","Summer","2024","Summer 2024"
"925","X305_ITS_Summer_2024","305_Summer_2024","305","Summer_2024","Summer","2024","Summer 2024"
"926","X306_ITS_Summer_2024","306_Summer_2024","306","Summer_2024","Summer","2024","Summer 2024"
"927","X307_ITS_Summer_2024","307_Summer_2024","307","Summer_2024","Summer","2024","Summer 2024"
"928","X308_ITS_Summer_2024","308_Summer_2024","308","Summer_2024","Summer","2024","Summer 2024"
"929","X309_ITS_Summer_2024","309_Summer_2024","309","Summer_2024","Summer","2024","Summer 2024"
"930","X310_ITS_Summer_2024","310_Summer_2024","310","Summer_2024","Summer","2024","Summer 2024"
"931","X311_ITS_Summer_2024","311_Summer_2024","311","Summer_2024","Summer","2024","Summer 2024"
"932","X312_ITS_Summer_2024","312_Summer_2024","312","Summer_2024","Summer","2024","Summer 2024"
"933","X313_ITS_Summer_2024","313_Summer_2024","313","Summer_2024","Summer","2024","Summer 2024"
"934","X314_ITS_Summer_2024","314_Summer_2024","314","Summer_2024","Summer","2024","Summer 2024"
"935","X315_ITS_Summer_2024","315_Summer_2024","315","Summer_2024","Summer","2024","Summer 2024"
"936","X316_ITS_Summer_2024","316_Summer_2024","316","Summer_2024","Summer","2024","Summer 2024"
"937","X317_ITS_Summer_2024","317_Summer_2024","317","Summer_2024","Summer","2024","Summer 2024"
"938","X318_ITS_Summer_2024","318_Summer_2024","318","Summer_2024","Summer","2024","Summer 2024"
"939","X319_ITS_Summer_2024","319_Summer_2024","319","Summer_2024","Summer","2024","Summer 2024"
"940","X320_ITS_Summer_2024","320_Summer_2024","320","Summer_2024","Summer","2024","Summer 2024"
"941","X401_ITS_Summer_2024","401_Summer_2024","401","Summer_2024","Summer","2024","Summer 2024"
"942","X402_ITS_Summer_2024","402_Summer_2024","402","Summer_2024","Summer","2024","Summer 2024"
"943","X403_ITS_Summer_2024","403_Summer_2024","403","Summer_2024","Summer","2024","Summer 2024"
"944","X404_ITS_Summer_2024","404_Summer_2024","404","Summer_2024","Summer","2024","Summer 2024"
"945","X405_ITS_Summer_2024","405_Summer_2024","405","Summer_2024","Summer","2024","Summer 2024"
"946","X406_ITS_Summer_2024","406_Summer_2024","406","Summer_2024","Summer","2024","Summer 2024"
"947","X407_ITS_Summer_2024","407_Summer_2024","407","Summer_2024","Summer","2024","Summer 2024"
"948","X408_ITS_Summer_2024","408_Summer_2024","408","Summer_2024","Summer","2024","Summer 2024"
"949","X409_ITS_Summer_2024","409_Summer_2024","409","Summer_2024","Summer","2024","Summer 2024"
"950","X410_ITS_Summer_2024","410_Summer_2024","410","Summer_2024","Summer","2024","Summer 2024"
"951","X411_ITS_Summer_2024","411_Summer_2024","411","Summer_2024","Summer","2024","Summer 2024"
"952","X412_ITS_Summer_2024","412_Summer_2024","412","Summer_2024","Summer","2024","Summer 2024"
"953","X413_ITS_Summer_2024","413_Summer_2024","413","Summer_2024","Summer","2024","Summer 2024"
"954","X414_ITS_Summer_2024","414_Summer_2024","414","Summer_2024","Summer","2024","Summer 2024"
"955","X415_ITS_Summer_2024","415_Summer_2024","415","Summer_2024","Summer","2024","Summer 2024"
"956","X416_ITS_Summer_2024","416_Summer_2024","416","Summer_2024","Summer","2024","Summer 2024"
"957","X417_ITS_Summer_2024","417_Summer_2024","417","Summer_2024","Summer","2024","Summer 2024"
"958","X418_ITS_Summer_2024","418_Summer_2024","418","Summer_2024","Summer","2024","Summer 2024"
"959","X419_ITS_Summer_2024","419_Summer_2024","419","Summer_2024","Summer","2024","Summer 2024"
"960","X420_ITS_Summer_2024","420_Summer_2024","420","Summer_2024","Summer","2024","Summer 2024"
"961","X101_ITS_Fall_2024","101_Fall_2024","101","Fall_2024","Fall","2024","Fall 2024"
"962","X102_ITS_Fall_2024","102_Fall_2024","102","Fall_2024","Fall","2024","Fall 2024"
"963","X103_ITS_Fall_2024","103_Fall_2024","103","Fall_2024","Fall","2024","Fall 2024"
"964","X104_ITS_Fall_2024","104_Fall_2024","104","Fall_2024","Fall","2024","Fall 2024"
"965","X105_ITS_Fall_2024","105_Fall_2024","105","Fall_2024","Fall","2024","Fall 2024"
"966","X106_ITS_Fall_2024","106_Fall_2024","106","Fall_2024","Fall","2024","Fall 2024"
"967","X107_ITS_Fall_2024","107_Fall_2024","107","Fall_2024","Fall","2024","Fall 2024"
"968","X108_ITS_Fall_2024","108_Fall_2024","108","Fall_2024","Fall","2024","Fall 2024"
"969","X109_ITS_Fall_2024","109_Fall_2024","109","Fall_2024","Fall","2024","Fall 2024"
"970","X110_ITS_Fall_2024","110_Fall_2024","110","Fall_2024","Fall","2024","Fall 2024"
"971","X111_ITS_Fall_2024","111_Fall_2024","111","Fall_2024","Fall","2024","Fall 2024"
"972","X112_ITS_Fall_2024","112_Fall_2024","112","Fall_2024","Fall","2024","Fall 2024"
"973","X113_ITS_Fall_2024","113_Fall_2024","113","Fall_2024","Fall","2024","Fall 2024"
"974","X114_ITS_Fall_2024","114_Fall_2024","114","Fall_2024","Fall","2024","Fall 2024"
"975","X115_ITS_Fall_2024","115_Fall_2024","115","Fall_2024","Fall","2024","Fall 2024"
"976","X116_ITS_Fall_2024","116_Fall_2024","116","Fall_2024","Fall","2024","Fall 2024"
"977","X117_ITS_Fall_2024","117_Fall_2024","117","Fall_2024","Fall","2024","Fall 2024"
"978","X118_ITS_Fall_2024","118_Fall_2024","118","Fall_2024","Fall","2024","Fall 2024"
"979","X119_ITS_Fall_2024","119_Fall_2024","119","Fall_2024","Fall","2024","Fall 2024"
"980","X120_ITS_Fall_2024","120_Fall_2024","120","Fall_2024","Fall","2024","Fall 2024"
"981","X201_ITS_Fall_2024","201_Fall_2024","201","Fall_2024","Fall","2024","Fall 2024"
"982","X202_ITS_Fall_2024","202_Fall_2024","202","Fall_2024","Fall","2024","Fall 2024"
"983","X203_ITS_Fall_2024","203_Fall_2024","203","Fall_2024","Fall","2024","Fall 2024"
"984","X204_ITS_Fall_2024","204_Fall_2024","204","Fall_2024","Fall","2024","Fall 2024"
"985","X205_ITS_Fall_2024","205_Fall_2024","205","Fall_2024","Fall","2024","Fall 2024"
"986","X206_ITS_Fall_2024","206_Fall_2024","206","Fall_2024","Fall","2024","Fall 2024"
"987","X207_ITS_Fall_2024","207_Fall_2024","207","Fall_2024","Fall","2024","Fall 2024"
"988","X208_ITS_Fall_2024","208_Fall_2024","208","Fall_2024","Fall","2024","Fall 2024"
"989","X209_ITS_Fall_2024","209_Fall_2024","209","Fall_2024","Fall","2024","Fall 2024"
"990","X210_ITS_Fall_2024","210_Fall_2024","210","Fall_2024","Fall","2024","Fall 2024"
"991","X211_ITS_Fall_2024","211_Fall_2024","211","Fall_2024","Fall","2024","Fall 2024"
"992","X212_ITS_Fall_2024","212_Fall_2024","212","Fall_2024","Fall","2024","Fall 2024"
"993","X213_ITS_Fall_2024","213_Fall_2024","213","Fall_2024","Fall","2024","Fall 2024"
"994","X214_ITS_Fall_2024","214_Fall_2024","214","Fall_2024","Fall","2024","Fall 2024"
"995","X215_ITS_Fall_2024","215_Fall_2024","215","Fall_2024","Fall","2024","Fall 2024"
"996","X216_ITS_Fall_2024","216_Fall_2024","216","Fall_2024","Fall","2024","Fall 2024"
"997","X217_ITS_Fall_2024","217_Fall_2024","217","Fall_2024","Fall","2024","Fall 2024"
"998","X218_ITS_Fall_2024","218_Fall_2024","218","Fall_2024","Fall","2024","Fall 2024"
"999","X219_ITS_Fall_2024","219_Fall_2024","219","Fall_2024","Fall","2024","Fall 2024"
"1000","X220_ITS_Fall_2024","220_Fall_2024","220","Fall_2024","Fall","2024","Fall 2024"
"1001","X301_ITS_Fall_2024","301_Fall_2024","301","Fall_2024","Fall","2024","Fall 2024"
"1002","X302_ITS_Fall_2024","302_Fall_2024","302","Fall_2024","Fall","2024","Fall 2024"
"1003","X303_ITS_Fall_2024","303_Fall_2024","303","Fall_2024","Fall","2024","Fall 2024"
"1004","X304_ITS_Fall_2024","304_Fall_2024","304","Fall_2024","Fall","2024","Fall 2024"
"1005","X305_ITS_Fall_2024","305_Fall_2024","305","Fall_2024","Fall","2024","Fall 2024"
"1006","X306_ITS_Fall_2024","306_Fall_2024","306","Fall_2024","Fall","2024","Fall 2024"
"1007","X307_ITS_Fall_2024","307_Fall_2024","307","Fall_2024","Fall","2024","Fall 2024"
"1008","X308_ITS_Fall_2024","308_Fall_2024","308","Fall_2024","Fall","2024","Fall 2024"
"1009","X309_ITS_Fall_2024","309_Fall_2024","309","Fall_2024","Fall","2024","Fall 2024"
"1010","X310_ITS_Fall_2024","310_Fall_2024","310","Fall_2024","Fall","2024","Fall 2024"
"1011","X311_ITS_Fall_2024","311_Fall_2024","311","Fall_2024","Fall","2024","Fall 2024"
"1012","X312_ITS_Fall_2024","312_Fall_2024","312","Fall_2024","Fall","2024","Fall 2024"
"1013","X313_ITS_Fall_2024","313_Fall_2024","313","Fall_2024","Fall","2024","Fall 2024"
"1014","X314_ITS_Fall_2024","314_Fall_2024","314","Fall_2024","Fall","2024","Fall 2024"
"1015","X315_ITS_Fall_2024","315_Fall_2024","315","Fall_2024","Fall","2024","Fall 2024"
"1016","X316_ITS_Fall_2024","316_Fall_2024","316","Fall_2024","Fall","2024","Fall 2024"
"1017","X317_ITS_Fall_2024","317_Fall_2024","317","Fall_2024","Fall","2024","Fall 2024"
"1018","X318_ITS_Fall_2024","318_Fall_2024","318","Fall_2024","Fall","2024","Fall 2024"
"1019","X319_ITS_Fall_2024","319_Fall_2024","319","Fall_2024","Fall","2024","Fall 2024"
"1020","X320_ITS_Fall_2024","320_Fall_2024","320","Fall_2024","Fall","2024","Fall 2024"
"1021","X401_ITS_Fall_2024","401_Fall_2024","401","Fall_2024","Fall","2024","Fall 2024"
"1022","X402_ITS_Fall_2024","402_Fall_2024","402","Fall_2024","Fall","2024","Fall 2024"
"1023","X403_ITS_Fall_2024","403_Fall_2024","403","Fall_2024","Fall","2024","Fall 2024"
"1024","X404_ITS_Fall_2024","404_Fall_2024","404","Fall_2024","Fall","2024","Fall 2024"
"1025","X405_ITS_Fall_2024","405_Fall_2024","405","Fall_2024","Fall","2024","Fall 2024"
"1026","X406_ITS_Fall_2024","406_Fall_2024","406","Fall_2024","Fall","2024","Fall 2024"
"1027","X407_ITS_Fall_2024","407_Fall_2024","407","Fall_2024","Fall","2024","Fall 2024"
"1028","X408_ITS_Fall_2024","408_Fall_2024","408","Fall_2024","Fall","2024","Fall 2024"
"1029","X409_ITS_Fall_2024","409_Fall_2024","409","Fall_2024","Fall","2024","Fall 2024"
"1030","X410_ITS_Fall_2024","410_Fall_2024","410","Fall_2024","Fall","2024","Fall 2024"
"1031","X411_ITS_Fall_2024","411_Fall_2024","411","Fall_2024","Fall","2024","Fall 2024"
"1032","X412_ITS_Fall_2024","412_Fall_2024","412","Fall_2024","Fall","2024","Fall 2024"
"1033","X413_ITS_Fall_2024","413_Fall_2024","413","Fall_2024","Fall","2024","Fall 2024"
"1034","X414_ITS_Fall_2024","414_Fall_2024","414","Fall_2024","Fall","2024","Fall 2024"
"1035","X415_ITS_Fall_2024","415_Fall_2024","415","Fall_2024","Fall","2024","Fall 2024"
"1036","X416_ITS_Fall_2024","416_Fall_2024","416","Fall_2024","Fall","2024","Fall 2024"
"1037","X417_ITS_Fall_2024","417_Fall_2024","417","Fall_2024","Fall","2024","Fall 2024"
"1038","X418_ITS_Fall_2024","418_Fall_2024","418","Fall_2024","Fall","2024","Fall 2024"
"1039","X419_ITS_Fall_2024","419_Fall_2024","419","Fall_2024","Fall","2024","Fall 2024"
"1040","X420_ITS_Fall_2024","420_Fall_2024","420","Fall_2024","Fall","2024","Fall 2024"
